"iter","draw","step","prevalence_preclin_71","prevalence_preclin_80","prevalence_preclin_92","incidence_clin_2","incidence_clin_7","incidence_clin_12","incidence_clin_17","incidence_clin_22","incidence_clin_27","incidence_clin_32","incidence_clin_37","incidence_clin_42","incidence_clin_47","incidence_clin_52","incidence_clin_57","incidence_clin_62","incidence_clin_67","incidence_clin_72","incidence_clin_77","incidence_clin_82","incidence_clin_92","stage_distr_1","stage_distr_2","stage_distr_3"
1,1,0,0.0006765518407848,0,0,0,0.0258941346188598,0.276408109747401,1.50476995846587,5.5926044075991,14.5121033681848,33.4335322236756,61.4551527413077,98.2703962866474,128.308826879163,129.640526962325,92.202581047782,42.1123792975601,11.0767061502508,1.35736451191154,0.0537298600183006,0,0,0.753173671041209,0.213685339324925,0.0331409896338661
1,2,0,0.0158632919555054,0.0175513307984791,0.0146284376828555,0,0,0.031291435866358,0.136795716427007,0.560298588903782,1.62967062993228,3.68584849487272,8.82541075469046,16.3554571291548,29.6055011249553,50.0973899085819,78.5377011596949,114.209930799097,161.522950226447,209.559321543715,250.216610195461,280.294715417419,253.952762829806,0.778064284567359,0.191861947805389,0.0300737676272515
1,3,0,0.0584763948497854,0.0710589858571921,0.087908144958737,0,0,0,0,0.00533614309154808,0.0162963719833661,0.0277114673861191,0.119320570134411,0.246122096609254,0.763703999466007,1.28894049538525,2.97177152881513,5.29267533444501,9.40594669087259,16.6579832894044,25.8209549634586,37.8620328735042,62.6400197299552,0.755237608584568,0.211676034747062,0.03308635666837
1,4,0,0.000068960761326805,0,0,0,0.0362517839693647,0.391143404855151,1.7783645570132,6.61723585697644,17.2508930087679,37.0409238514674,66.9498556284703,98.5702500243947,116.115214123437,98.1597103580491,55.5029344062308,17.5965082779208,2.62089376600743,0.15851527359296,0,0,0,0.811390348328332,0.157417839818779,0.0311918118528885
1,5,0,0,0,0,0,0,0.0052152391825537,0.063136406813699,0.944500337762857,6.36124495000373,35.3966192484044,142.63127937459,397.037099881954,557.793007787725,192.28305790374,4.63525357632682,0,0,0,0,0,0,0.731546250995563,0.236818750711116,0.0316349982933212
1,6,0,0.290650617412058,0.281329389246563,0.16441315862838,0,0,0,0,0.00533614309154808,0.00543212248988254,0.0554229331388335,0.204549769577364,0.656329376073098,2.46832909640062,7.01510276431141,17.0769143273007,38.4763022320659,78.7952219403865,139.01686174172,204.566688149246,225.300016340111,142.969696340608,0.809871414441147,0.172126607319486,0.018001978239367
1,7,0,0.00729275189760381,0.00307898788141949,0.000516102394715111,0.00507632683426422,0.0725035701275428,0.521525096869331,1.94673902315367,6.29709296567305,13.7626661132429,27.6327621045797,48.7196480162569,76.724087582328,111.735193234504,147.272307674534,172.252490919292,176.284802003644,150.806559080621,110.764798078048,62.5689349767921,25.9893177394248,7.18272997649622,0.776423702577194,0.187328571816528,0.0362477256062787
1,8,0,0.0104281009879254,0.0185833557769997,0.0189887897506291,0,0,0,0,0,0,0.00554229181441002,0.0511373706606116,0.0820405730740951,0.342136817566256,0.939159315447091,1.68207861492763,4.63182801322966,10.139574739455,18.9990928223382,36.9668366526913,64.5231836660011,126.537468159497,0.740566941199004,0.228691821490136,0.03074123731086
1,9,0,0.00924225368801469,0.0107363753063368,0.00950734658599827,0,0.0310729576880269,0.161672541663444,0.636628592429046,1.5741908978886,3.00413285895274,6.2746964872605,9.99166289683363,16.5634559823467,24.5589897846277,35.8218571658788,49.3152544103145,62.6218100801682,81.0348421041052,101.041260861477,120.545246743991,139.686602519895,159.498045391499,0.790011658920671,0.173031159663329,0.0369571814159999
1,10,0,0.0203328447012158,0.0123090304038723,0.00134980791195099,0,0,0,0,0.0106722879245732,0.108642508879356,0.448926735847817,1.76142667291243,5.71978455657763,16.8968572391781,43.6129038042105,100.131358743467,198.538242465844,346.566270034837,460.850358571557,408.947241009842,192.633664703791,23.3127572715777,0.745165122665334,0.219207073625168,0.0356278037094984
1,11,0,0.0262200844673862,0.0295600899992241,0.0163349970830362,0,0,0,0,0.00533614309154808,0.0271606134540795,0.0831343885527299,0.420463953108688,1.2775059174818,3.64147419819167,9.61309389791145,22.660130716088,47.9962640245759,93.241575385473,163.256139440477,246.779033531726,296.681258316063,211.777328661256,0.759996813764537,0.210928787637406,0.0290743985980564
1,12,0,0.02327336771921,0.0306228630890442,0.0213776722090261,0,0,0,0,0.00533614309154808,0.00543212238700846,0.0277114686039573,0.153412297326529,0.544986044247004,1.33191338214201,4.11956384650297,9.47002897121729,20.6261922119968,43.2681781387958,77.9002022919092,132.973211824704,184.862314851652,195.887064713268,0.70777158607466,0.256636107615795,0.0355923063095452
1,13,0,0.00990247001233138,0.0000702641933670601,0,0,0,0,0.00526136718098584,0.0480253136539006,0.423706508846156,1.87332262307047,7.73936387846153,24.1388231278445,63.580303585946,134.698735436137,206.481219614201,182.315681547238,65.6476228370722,6.65977940126927,0.12536641743198,0,0,0.742367733203847,0.227506121310425,0.0301261454857273
1,14,0,0.00180924605746381,0,0,0,0,0,0,0.0320168632829811,0.282470554804136,1.66824523849764,8.0859044147146,33.5301996160738,113.017253825879,304.398880543474,603.177224797564,627.981228783759,195.644453361583,6.88953548397806,0,0,0,0.733948854771266,0.229642545091431,0.0364086001373026
1,15,0,0.000816126662858076,0,0,0,0,0.0052152391825537,0.0368295702669009,0.320169124324916,1.68941294357712,6.73429420562329,21.8697160194913,58.4667164128693,131.393336104993,236.498955552638,298.398874821806,210.195255563101,57.1031058208883,3.6753743094532,0,0,0,0.787209003476402,0.176863662802494,0.0359273337211033
1,16,0,0.0314598798161895,0.0298826040554963,0.0305171859942178,0,0,0,0.00526136760069034,0.0160084345744944,0.0597534108307516,0.138557628139461,0.369327676630009,0.785257312205034,1.43580272220495,3.32290295194639,5.34830062168006,9.01392392932456,14.9584513976945,22.1792991820342,32.5540728728199,44.9883182913944,68.6466547406587,0.73972602739726,0.224893404699265,0.0353805679034746
1,17,0,0.115874769797422,0.124839602890525,0.0648902821316614,0,0,0,0,0,0,0.00554229040552383,0.0568192826194956,0.17580130522675,0.953100929990904,2.57789179709251,9.61661054188793,26.0993133139304,66.6072036047693,148.372187091617,281.077969113544,392.883853714899,269.795035230458,0.812225206576224,0.159307477802679,0.0284673156210973
1,18,0,0.000437094776717418,0,0,0,0,0.0156457175476611,0.168363915911446,1.11526306952597,4.48712939477334,15.5543627520003,43.6915280772471,103.403006371748,201.357976762081,311.2083705572,323.428269697302,185.360669046923,41.82815164808,2.59553964816415,0.0182209430619888,0,0,0.771276624877453,0.198496026464676,0.0302273486578707
1,19,0,0.144859813084112,0.0943266212388025,0.0197382535936494,0,0,0,0,0.0106722871184418,0.0488891334655775,0.216149654034585,0.732973080268817,2.00417986962971,5.78622818176276,13.4945308908072,28.4075055779448,51.9240033181101,80.1060639566987,97.6117585922244,85.3778941255342,46.3276848629167,10.4076332442042,0.743985886881215,0.228589757297124,0.0274243558216615
1,20,0,0.0102897293801173,0.00214730037854471,0,0,0,0,0,0.00533614309154808,0.0162963674629611,0.121930597772496,0.77274617157867,2.89494049767945,11.8112183458093,38.4837460606893,107.099436497582,251.390543211968,452.21240067892,484.249810683342,205.217187301308,16.8612348045466,0.0532598276813245,0.768352260276621,0.19728276982173,0.0343649699016486
1,21,0,0,0,0,0,0,0.0156457179814114,0.194670742750369,1.6808987020123,8.36596667976586,32.0109403871425,95.2327932641254,223.730764594354,367.162618425806,323.668902694296,102.20355925654,6.18661755074723,0.0479990742517932,0,0,0,0,0.784890779958955,0.181257991382738,0.0338512286583073
1,22,0,0.000448986573163431,0,0,0,0.0517882628133782,0.51109424769434,2.82541084474719,11.0256199384818,31.6330272605917,73.7240863869219,143.428096516026,242.79621178335,335.150897417842,355.820962301954,264.447815751136,120.620867285369,29.4161619364185,3.12318419348818,0.129400562172957,0,0,0.758983396864384,0.208053557473006,0.0329630456626102
1,23,0,0.0851063829787234,0.102475928473177,0.104310344827586,0,0,0,0,0,0,0,0.00568192669908486,0.0175800898107451,0.0305478301440053,0.103630521846368,0.420508542405681,0.825649769853706,2.50888785332766,5.99056378678252,13.9293227451163,28.2448059510503,69.598141399693,0.785555829430614,0.186344589598225,0.028099580971161
1,24,0,0.000152632917832613,0,0,0,0.00517882628133782,0.109520040501894,0.757639398517864,3.28182069136069,13.0713700072574,37.0732720073392,89.2484603202887,176.976075450965,286.766545460992,338.45137813203,249.876161367785,91.7692536541162,12.905924005036,0.573451420558885,0,0,0,0.789502968280384,0.17787327057304,0.0326237611465759
1,25,0,0.0219268025777165,0.0204330836860957,0.0192933175635718,0,0.00517882628133782,0.0677981340595194,0.278853323414071,0.992533806299531,2.01539136149725,5.32664615727314,9.76941713871457,18.0752388346484,29.6770495706826,46.7633968027751,66.4647789539157,93.1560309117582,123.364117754118,151.294433671557,175.444833584167,186.220687313105,167.362105773767,0.78647889327501,0.177317827803265,0.0362032789217255
1,26,0,0.235706580366775,0.262678803641092,0.282746160794941,0,0,0,0,0,0.00543212300829176,0.0110845838827468,0.0397735087739005,0.140641038608478,0.397123668533747,0.835532416773519,1.87132989092417,3.91623232590734,8.55014457319178,14.8905696539887,28.0836066846414,47.0738860293112,89.4736311577364,0.770347394540943,0.205086848635236,0.0245657568238213
1,27,0,0,0,0,0,0,0.0104304783651074,0.310421007138799,2.69479378524506,16.03200168596,71.6065693527077,234.083445600424,541.877526881746,654.267959492038,230.268676588854,9.06951665860314,0,0,0,0,0,0,0.74718462829496,0.221810885758588,0.0310044859464518
1,28,0,0.0241365274155372,0.0087572471678432,0.00154632244184483,0,0,0.0417219159867991,0.24728459736247,1.16862526823908,3.55818117680456,10.7646475724206,25.4599284181943,53.4892266987746,99.149997716993,167.156051911218,249.644408516792,317.0891187724,323.968509182218,253.993288618571,135.515339296971,42.7907051325026,5.26040573810529,0.744551928873887,0.220622099318324,0.0348259718077887
1,29,0,0.00797963423822462,0.00060800833840007,0,0,0,0.0104304786038143,0.0578750601563649,0.405547886117253,1.91756767493758,7.0391780369227,21.8071422932214,57.2414463737028,129.347913338184,255.595111832855,419.881316379934,521.842334586882,423.040725547119,179.106656575473,29.3439868899882,1.43686435361655,0,0.773874338695642,0.190409450395435,0.0357162109089229
1,30,0,0.0238979118329466,0.028037962905527,0.0303819444444444,0,0,0.0104304783651074,0.0368295866280733,0.128067675592473,0.412843564181126,1.14727081706449,2.17058479318531,5.15733440327513,9.47807180735964,17.3206263406545,28.633570986625,45.7327306536947,67.9202439563826,95.9327982987982,133.082109501019,171.329583819591,214.561935413572,0.80084736962346,0.16347172319259,0.0356809071839498
1,31,0,0.0134892086330935,0.0181268882175227,0.017496079887761,0,0,0,0,0,0.00543212238700846,0.0221691616220953,0.0738650820652991,0.316442285711871,0.92866239490746,2.17630704511713,6.02777080716831,13.8268408422909,30.2162732878493,60.9052083034618,110.38706969464,194.282603632193,320.23310043597,0.798105172812201,0.165054633083551,0.0368401941042485
1,32,0,0.0201970443349754,0.0126279863481229,0.0197899838449111,0,0,0,0.00526136718098584,0.00533614444291715,0.0217284991550573,0.0665075440105828,0.204549891282133,0.521547428963136,0.861468274370909,1.95610761875231,3.7919396186332,6.51983405762067,10.4940465047164,17.4643152590466,26.2103066195926,36.5724190896222,58.6086276092202,0.775987588017663,0.191788996300274,0.0322234156820623
1,33,0,0.00920223172233896,0.0120439988861041,0.010172490048651,0,0.00517882642727337,0.12516591312406,0.310421887303262,1.02988826091332,1.91217791684339,4.20696416865637,7.30839132966879,12.0175716323377,18.6163839777361,27.4163635207769,38.6889692922638,52.4011760384616,66.690729198592,85.4425902338136,104.503350995578,125.948089932766,143.961102052675,0.758746797567129,0.211468132126024,0.0297850703068469
1,34,0,0.0455426356589147,0.0514661879114303,0.0556291390728477,0,0,0,0,0,0.0162963671610254,0.0221691679781076,0.119320679347313,0.363323979109928,0.708718932163952,1.64518405632638,3.29422376397309,6.15005679098852,11.0329254295757,19.0974347255578,29.532219150484,44.4654035673406,68.534989930333,0.763774258309168,0.199643096140977,0.036582645549855
1,35,0,0.0135297654840649,0.0160254680839583,0.0145635017492474,0,0.00517882639817135,0.0260762083110363,0.157841156371103,0.480255341391488,1.29830182372298,2.53849490846618,5.6768756490168,10.1345596476557,17.4332956513176,27.9548005856769,42.429594797361,62.1397708933799,83.5302641603705,113.87909218673,144.847642180512,176.507091313272,209.768400455786,0.777325409593854,0.191942738943428,0.0307318514627179
1,36,0,0,0,0,0,0,0,0.00526136718098584,0.0480252950219682,0.434570828937842,3.22568065995314,20.2532964537387,92.5806414609164,316.370229610574,691.728960419701,543.299602413929,53.795914701874,0.087448957121173,0,0,0,0,0.742780218550991,0.226932764519601,0.0302870169294087
1,37,0,0.00584218108093688,0.00137747371320997,0,0,0,0,0.00526136780934086,0.0320168699968666,0.173828134555288,0.853518775658664,2.84673063636679,9.23637557717908,23.9821921992619,55.9119205891471,112.086749790499,184.423700313604,224.927049893855,164.273970232631,54.4609314579175,5.19385965989576,0.104467363322438,0.770700569740452,0.192181894914539,0.0371175353450095
1,38,0,0.0173920605243706,0.0204261178900662,0.0171793599603076,0,0,0.00521524009596901,0.0789205431822938,0.352186492884247,0.972361262289627,2.15048104013266,5.33579328560041,10.6734916850568,20.0429424273005,33.7125436116894,55.7272653482896,82.7705856908187,119.421816521756,165.434775174365,205.398610347251,241.688270918831,251.797346975154,0.778481325748207,0.189735345040811,0.0317833292109819
1,39,0,0.0169689877121123,0.0219340377841819,0.0216478904351668,0,0,0,0.0157841015429575,0.0320168685871202,0.141235366050823,0.415673797497598,0.818210491205232,2.0217930799169,3.70884504898295,6.87325306477573,10.8809705480419,17.8452385489706,27.451031619306,37.8329416033799,52.6026659766624,69.0289284077011,84.3649915128297,0.710305383565957,0.258001888970511,0.0316927274635324
1,40,0,0.011813203716237,0.0122179773661068,0.00516725591514822,0,0,0,0,0,0.00543212238700846,0.0221691630974931,0.107956707927622,0.451224446900316,1.52741852760007,5.46680343027988,15.2672566506681,39.5354171187373,90.7255385400202,182.185508363227,289.309080426806,312.07518183553,131.742536109337,0.802649369044553,0.166301828483132,0.0310488024723152
1,41,0,0.00750697075856152,0.000415138725524113,0,0,0,0,0,0,0.0325927347627441,0.160726546460612,0.823884674030988,3.32861093637651,11.3285666397692,33.3120621476942,79.6185301586301,148.426281039782,181.271900709266,101.349838781991,14.5255130319618,0.218825534921708,0,0.768514339020794,0.197902560861846,0.0335831001173603
1,42,0,0.000243335316065538,0,0,0.0050763269748732,0.21751086846947,2.21128705779058,10.2551916929876,32.3536807498078,77.8946360205849,151.302886483147,248.565133394024,321.031932929763,316.380692228604,218.34010166881,91.9173095266425,22.0695990155741,2.69257133174508,0.151134491161253,0,0,0,0.754378709740197,0.212505270669132,0.0331160195906717
1,43,0,0.0000304376940402995,0,0,0,0.0414306179698758,0.354636937252148,2.10984113518201,8.85336585212383,26.2238209605257,62.8620361139475,125.179360650238,209.487750857176,276.820292548115,260.120693852705,154.970175331189,48.7816733098536,6.50236691334019,0.335909248572355,0,0,0,0.776903890038741,0.187268481664279,0.0358276282969803
1,44,0,0.0943396226415094,0.115702479338843,0.12480252764613,0,0,0,0,0,0,0,0,0,0.0183286938319821,0.032384496832318,0.0981183054294496,0.267350135527608,0.520347407812224,1.3684721747898,3.44209008531742,6.43462161614413,19.516456367446,0.730731707317073,0.233170731707317,0.0360975609756098
1,45,0,0.000286136677953169,0,0,0,0.00517882628133782,0.093874331975709,0.762901289939423,3.83679397038648,14.9241144408953,44.7837271292905,111.315170426378,230.286056080176,398.0751763792,519.737844573804,446.656470627861,207.407382711461,39.4180366140893,2.08460876556945,0.018679881277564,0,0,0.782578310327743,0.181146462541956,0.0362752271303001
1,46,0,0.00224875820156274,0,0,0,0,0,0.00526136718098584,0.048025294757754,0.412842189611658,2.22249298598757,10.8249734422829,41.1068526208444,128.909407520562,325.061219744012,592.634317487276,553.384738388132,156.144497465033,5.21657105559832,0,0,0,0.758226755275363,0.21206657698717,0.0297066677374666
1,47,0,0.0311768866641275,0.037041822802257,0.0345108355254917,0,0,0.0052152391825537,0.0210454747107317,0.112059132230237,0.331360674495815,1.03642293872253,2.38650777116898,5.64380618960366,11.378909304711,21.9233660905572,37.5860384837813,63.1233236566067,95.797642336668,142.202496602036,196.502067461198,245.639208119459,291.858486817253,0.730839388774259,0.238509613946951,0.0306509972787895
1,48,0,0.0449522102747909,0.0512896203092137,0.04296875,0,0,0,0.0105227360652374,0.0480253198638498,0.130371212290685,0.548690546779404,1.57960980516455,3.67445521944492,8.92139207553253,18.5699531318128,35.8724551451454,64.1516338230866,104.91573127642,165.598335799907,235.154084213961,299.036350555601,310.574299380824,0.733962707506877,0.232863836786598,0.0331734557065255
1,49,0,0.0091462929676937,0.00145118378973959,0,0,0,0,0,0.00533614309154808,0.0434569790960677,0.144099708138146,0.948887620020664,3.36962891200458,13.7607027574566,43.1780242651107,115.396485784473,259.976139953325,423.277249892439,378.498935336543,114.509230513476,6.08613602599935,0,0.753833326267294,0.216213733553794,0.0299529401789121
1,50,0,0.000317662007623888,0,0,0,0,0,0,0.037353001819272,0.195556699562462,1.23594337094549,5.48900949552615,19.664437960989,56.50599990051,120.476917971221,160.522775188046,87.0580550106557,9.6105788591835,0.0729217147667565,0,0,0,0.76363338691433,0.200258974816932,0.0361076382687385
1,51,0,0.010968733982573,0.00856686510817482,0.00382003395585739,0,0,0,0.00526136794148341,0.0266807277443549,0.092346221086076,0.432301090312082,1.17617853760351,3.67442924623054,8.8174341634815,19.068683728946,38.8674131790751,68.7161112585518,111.766891885964,152.65440715021,173.210047695416,134.810128635768,56.2777123379751,0.775013894268825,0.195412365057177,0.0295737406739983
1,52,0,0.0161740920452875,0.017842936697352,0.0207153502235469,0,0,0.0052152391825537,0.00526136718098584,0.0640337229028893,0.162964014314485,0.476639923840723,1.1307233795483,2.06282327004021,4.790402382368,8.33111804815375,14.1561359456679,22.9240875648677,36.7547968584819,53.3854303413362,72.6724504529947,105.106327962134,138.831162817711,0.739226267386182,0.228699551569507,0.032074181044311
1,53,0,0.0123150048611861,0.0127285584402465,0.0114793856103476,0,0.00517882628133782,0.0156457218911458,0.04209098438479,0.186765510359223,0.548648057406533,1.18052892129849,2.75018531618019,5.09293509874179,9.04426839612065,14.84525829102,23.0763977517871,33.8819382094531,47.736558961868,62.2142491628725,76.651194622409,86.9179206044471,92.7762411770987,0.809012742793517,0.157429172337004,0.0335580848694792
1,54,0,0.0732614354778728,0.0861018601250914,0.0764306942010211,0,0,0,0,0,0,0.00554229046215379,0.0511373679842727,0.111340783177872,0.562082950352688,1.43142089161833,4.11419172470826,11.5688146917241,27.2194838603521,58.6466953537287,114.798361763637,210.048130278803,320.425285968897,0.768056489576328,0.20305985205111,0.0288836583725622
1,55,0,0.0141882798421497,0.0061139118309557,0.00120851538533048,0,0.0517882728079027,0.344206545316773,1.59421904468627,4.68006326937624,11.5289264225786,23.443066859523,43.3969333952259,70.5351139936037,107.477954897466,146.132270689891,178.561742905014,192.533900956399,174.393637803711,133.005808248651,79.7411888775798,35.431241535438,8.72489507030619,0.798582955851085,0.169523646016297,0.0318933981326184
1,56,0,0.0296050425802991,0.0311634349030471,0.0174535809018568,0,0,0,0.0157841035217111,0.090714502492848,0.325928598099963,1.15281133000374,2.75584510536374,7.55439904608285,16.3661010689633,32.9122493470347,61.5464611525456,102.623438449571,162.98851718522,232.588670358423,283.79600405992,295.102849968647,207.237957706808,0.82046732039552,0.149017355270176,0.0305153243343044
1,57,0,0.0172043010752688,0.0242424242424242,0.0243632336655592,0,0,0,0,0,0,0.0166268716523957,0.0227277132531995,0.0468802532313046,0.12830096868129,0.284984623391968,0.679827183218848,1.37610303789571,2.60186712479757,4.3699606444988,7.83386717536449,13.4269517368936,23.0932036081426,0.761884368308351,0.205995717344754,0.0321199143468951
1,58,0,0.0102406554019457,0.00919578665774954,0.00641025641025641,0,0,0,0,0.00533614373495723,0.0271606193120327,0.0554229403048445,0.301143143828094,1.0196571861198,2.70662606108474,7.27431403655928,16.2571407250795,33.9291177231081,65.866525091325,114.641554958681,173.920255075023,213.497017733381,162.905841536772,0.818303302968886,0.14949107997951,0.0322056170516047
1,59,0,0.0113662195953626,0.0152579803252359,0.017538644470868,0,0.00517882636971325,0.0208609621699602,0.0368295885186882,0.170756866586355,0.445436707783065,0.753764196449365,1.65918413980019,2.93610829509944,4.98619269789329,7.4829869691262,11.1348246884976,16.2344635254784,22.7736811078201,29.4135554243727,38.2212326738331,48.3510545239569,60.3861687205031,0.755046372067649,0.214584469903619,0.0303691580287325
1,60,0,0.051948051948052,0.0670014239676235,0.057443718228032,0,0,0,0,0,0.00543212238700846,0.00554229040552383,0.113638598702443,0.234401940712225,0.910334133096446,2.17630577259328,6.63057723403153,15.1640088583457,33.4898591920704,68.9775263799225,125.665697074011,215.164417257654,336.459130027286,0.804889008717534,0.165123872861808,0.0299871184206585
1,61,0,0.0294964028776978,0.0278728606356968,0.0116519295925957,0,0,0,0,0.00533614309154808,0,0.0498806347154759,0.20454985576997,0.785250409791699,2.34614038917994,7.44914895720053,18.9003557567929,43.5965738618266,91.587972907995,168.825379430023,240.19133022772,239.039573058891,102.41117339344,0.746577986803313,0.224326126632037,0.0290958865646497
1,62,0,0.0183781110927971,0.0177039300213452,0.00983491394450299,0,0,0.00521523938779572,0.042090968072764,0.181429295318892,0.74964009105845,1.75141154234478,4.91523848848955,10.2161179206424,19.4437161553364,35.8647047261026,59.3017700638975,91.8935544364008,129.591753797008,161.165430125527,178.195988273302,163.057243613233,96.9936417662074,0.744134444955032,0.224276242368542,0.0315893126764262
1,63,0,0.00080867563812802,0,0,0,0,0,0.00526136718098584,0.0373530042462369,0.331359892339587,2.26682861795296,12.455900933551,52.6655520201529,175.120644882899,424.156255458545,556.893802790577,225.038381775288,13.5599801405794,0.262420195897965,0,0,0,0.741106347773766,0.22482325511432,0.0340703971119134
1,64,0,0.0490129339686862,0.0649428743235117,0.0564298561151079,0,0,0,0,0,0.0108642447740169,0.0221691645730106,0.0625012504980652,0.269562054580639,0.610961097184273,1.63222040426844,3.66564964840467,7.66003871730366,15.0955002039125,27.3412052993306,45.1270300141783,72.4063566802811,101.579486420112,0.735183147303883,0.23620499921396,0.0286118534821569
1,65,0,0.013440384819439,0.00562410811718291,0.000115420129270545,0,0,0,0,0.00533614409160601,0.0325927431744393,0.166268834873919,0.761381925295889,2.50815267565033,8.08364854967492,20.8875225407511,49.8982630345666,103.142291911869,173.270077599324,215.893616055148,160.28846447041,52.2456853689054,3.64050859404483,0.810447328854987,0.159151413161924,0.030401257983089
1,66,0,0.00337181976090733,0,0,0,0,0,0.0210454687239434,0.122731411388335,0.624698017104263,2.27793869907277,7.13146884376488,18.4702134676133,40.5551441083932,75.3688515611555,112.603127636777,120.185573366905,77.2953587377768,22.5751466029245,2.0105978268487,0.0624508256103091,0,0.757729565782551,0.208040605366593,0.0342298288508557
1,67,0,0.0275268817204301,0.023844568737121,0.0334336342360415,0,0,0,0,0.00533614424496191,0.0325927559574514,0.0665075656098983,0.210231923073299,0.521547117041662,0.965331805480741,2.16986720945186,4.28260890304897,7.44021359108326,12.2237287384866,19.8927864185786,30.4704817545804,44.1107701266338,69.4888191622752,0.735427394438723,0.234294541709578,0.0302780638516993
1,68,0,0.101123595505618,0.216666666666667,0.221774193548387,0,0,0,0,0,0,0,0,0,0.00610956461066071,0.0129537941780857,0.0630760079115116,0.110085169187962,0.353091550102455,0.84028777070577,2.17762025629054,4.43312463575587,14.5197251273842,0.744985673352435,0.229226361031519,0.0257879656160458
1,69,0,0.0774985971693996,0.0946362881215142,0.0892687559354226,0,0.00517882628133782,0.119950565335044,0.315682805768956,1.04589678919253,1.98823257893897,4.28456204587244,7.92209333567238,13.0786511010117,20.0105242186246,29.8680929368478,41.9421611616129,55.7893148095372,72.3395214915692,91.4669710419404,111.85052062574,130.905803983387,149.733110554272,0.805836241708846,0.168764960622727,0.0253987976684269
1,70,0,0.0493710691823899,0.0531723862729449,0.0428746928746929,0,0,0,0,0.00533614365317617,0.0217284994645035,0.0665075729446116,0.227277960424153,0.668051145735724,1.64962848276144,4.31392847588076,8.82518551501551,17.8408041508342,34.1483186188277,56.8507371647062,92.3023634429793,134.269463124246,161.940859155354,0.793907644547924,0.177648428405122,0.0284439270469538
1,71,0,0.0271034294641307,0.0171011778621064,0.00143638850889193,0,0,0,0,0,0.0217284895480339,0.0942189481131758,0.471601248169861,1.69357967772241,6.38491599745337,19.0594636367683,51.2411785654258,118.628772066558,239.423869006929,363.205870480369,345.765853624363,149.905369663591,12.4869190343642,0.788501219283437,0.180444569499156,0.0310542112174076
1,72,0,0.0223015165031222,0.0218438805011243,0.019790176442537,0,0,0,0,0,0,0,0,0.017580091224931,0.0672052352660712,0.259076528557487,0.700850407862062,2.17031321304642,6.14243753417235,13.6516309413544,32.365460012777,63.3769217936651,124.100976308574,0.758205817077444,0.207919635556594,0.0338745473659619
1,73,0,0,0,0,0,0,0.0052152391825537,0.0368295710601532,0.474917260083698,3.60700185092674,22.2724239505177,96.1516127630904,296.105645215747,525.212019099,285.016612710484,16.8123231719664,0.0162564000875855,0,0,0,0,0,0.748151623657242,0.220298802321274,0.0315495740214841
1,74,0,0.00793557257906109,0.000805322128851541,0,0,0,0,0,0.00533614309154808,0.0325927349737874,0.18289584022347,1.0057073680837,4.02597561383566,14.6651098756438,44.0080876296243,113.499694318369,240.317504711202,344.362480404235,247.64642349833,51.6884703418648,1.39188921168155,0,0.794115628752788,0.174772688282724,0.0311116829644879
1,75,0,0.0897662152247626,0.0274525992982042,0.000343377113915358,0,0,0,0,0,0.0108642457908249,0.0609652194686245,0.289778795878556,1.5705094584906,6.59259857719377,22.2531275384957,64.70442589368,159.115469502307,303.236263351226,353.709973147484,177.317465180461,23.5133090426373,0.945140498136437,0.800768587509044,0.167726841368424,0.0315045711225324
1,76,0,0.0117647058823529,0.0026831105253248,0.000129315918789603,0,0,0.0052152398502514,0.073659198453264,0.314833339178271,1.29286224413739,4.07378721535906,11.1440493847297,25.6258181875382,51.7633787767049,93.7168869255066,146.66219126432,190.219354178937,185.321391135595,126.501595350307,48.561893601653,9.21828961233989,0.681193618885923,0.733496106394392,0.232968943639828,0.0335349499657807
1,77,0,0.014138627518597,0.0108952480966133,0.00370579737453678,0,0,0.0052152391825537,0.0315682035025718,0.117395257192795,0.58123914699239,1.69042665890056,4.78444257434648,12.1558734634102,26.5037184875059,53.059702267634,94.9420835895247,157.151368879286,228.343089228995,279.424816017929,275.389592753179,198.332759848526,67.7500212516383,0.796878791682356,0.169440609179532,0.0336805991381114
1,78,0,0.0136908157444381,0.0186373357775741,0.0190392501464558,0,0,0,0,0,0.00543212307391217,0.0277114641779133,0.0795470610365582,0.158221194665208,0.5620837920397,1.06871086459275,2.1446794745484,5.23744787853774,9.63789961376004,17.401771666342,30.9005661804014,51.4357443904705,92.3772900169148,0.739067862282741,0.228716926823868,0.0322152108933909
1,79,0,0.00800829775429964,0.00790434881862801,0.00556462831911934,0,0.0517882716904788,0.338991580932541,1.26274591960261,3.33523349525258,8.38825583698597,15.900527142183,28.379184262193,46.8233343522577,70.1089569536804,100.109908319482,134.072932293976,169.395446278545,194.62842996298,210.641139561314,204.083650569163,177.946734163769,124.172034688914,0.797962088964003,0.167591183545236,0.0344467274907607
1,80,0,0.0291479820627803,0.0271299381247025,0.0389177168272795,0,0,0,0,0,0,0,0.0113638533981697,0.0234401299177812,0.109972321248883,0.31089225357085,0.693842888749354,1.98945544893129,4.83215391594597,10.0733313570322,21.0826213068675,38.0571881107838,80.0814816694845,0.715907136715391,0.248323301805675,0.0357695614789338
