"iter","draw","step","seed","d_time_H_P.cure_max","d_time_H_P.shape","d_time_H_P.scale","d_time_P1_P2.rate","hr_cancer.1","hr_cancer.2","diff_p_cancer.1","diff_p_cancer.2","sample_wt"
1,1,0,"10407_-94575036_-24861725_357812871_346211554_-1301022835_440649733",0.0306446727533107,6.02896128887107,51.551487156919,1.41154104485713,1.16914498323596,2.41377508700248,-0.0421969276314394,0.0210265069847259,0
1,2,0,"10407_-358246211_-1411857254_-488221791_1069515918_-1720689715_1070199760",0.0975800250688673,6.38647683766304,85.4928919724825,1.13565353336184,0.763504008031761,1.00738957467682,-0.0135233450798215,0.0021784822987682,0
1,3,0,"10407_1805183335_-1982978684_1500882842_-1897959390_-204266259_-2006625641",0.040574540312985,8.56779680561057,106.281604340064,0.384969219214509,1.14448686658161,1.87673041786793,-0.122393832194483,0.000349257524100965,0
1,4,0,"10407_-860779432_1203324979_-1993452634_-1372834584_704149361_1348506385",0.0256616618394911,5.94113574292143,49.015116977309,1.11996216781982,0.849763346946746,1.96987956081603,0.0254363870180139,-0.0312586237884345,0
1,5,0,"10407_-761370507_-1990761548_493376561_-915490779_1038863101_-1011206285",0.0659616387176842,11.397481142335,47.0244384398183,1.81166836416643,1.75173787895392,0.8512195750317,-0.0560162254952884,0.0460191680303512,0
1,6,0,"10407_384136015_-749986815_1068250040_-1335974862_-425052553_975007946",0.0484298860194199,10.9302402046946,78.4773776939345,0.0594227083444824,1.38137220228159,2.30116451576404,-0.0692384244437777,-0.016739450549778,0
1,7,0,"10407_64654729_2048811350_-2107787581_1045410411_145979706_-1876523608",0.0561811988010745,5.22344997731607,62.8370346825151,1.06734686304117,1.00580339257713,2.89375567909329,-0.106602135288295,-0.0251336393110214,0
1,8,0,"10407_854805068_-1694370398_-1006094862_1151352472_1597594730_9921969",0.0755703389194399,10.8504771453366,105.106692180528,1.85176209865057,2.41822059055409,2.3724052209399,-0.0520667503718017,0.0348344860131208,0
1,9,0,"10407_-807591415_421201103_-1082405501_500570247_-1289384108_791043152",0.0946059238081873,4.76507084469624,101.554994096052,1.53150248722014,1.96216759170629,0.712910466294358,-0.128152439969058,-0.0465549081563183,0
1,10,0,"10407_1909189435_-196743040_-1396758789_1956112983_513292545_-1382732744",0.0877019386214677,10.6353665834584,74.0972941321952,0.952796594848144,2.8650884689841,2.54719981328091,-0.127145231018241,0.00364278947968273,0
1,11,0,"10407_106120321_61135563_1877686239_449398708_-177714229_1311081464",0.0629403634254345,10.551663082851,83.1760307822883,0.856581824334197,2.13298285960143,1.37326790405751,0.00147818477788531,0.0305727117515342,0
1,12,0,"10407_-1411680221_1648894523_-439720346_259426839_-797659975_1096969968",0.0459369544926767,10.774818786367,87.1358760000004,1.15267403356657,2.15344480453502,2.83209173203186,-0.147821858335972,0.0358267293464648,0
1,13,0,"10407_336317510_2061841095_-1585944834_-497148770_1785968003_649595185",0.0342142269826865,10.241143010075,58.7706453933052,0.239222665315509,2.71181789335867,1.54933943612154,-0.0333216495624867,0.0388443835564847,0
1,14,0,"10407_551560309_-90868950_708052452_987839932_-190905874_-1103003688",0.0926724210446383,12.3606599870562,60.5026364119583,0.910211489690465,2.78846524137003,2.8847355985755,-0.146458005582684,0.0108444840549847,0
1,15,0,"10407_717051257_-1381653049_-214200562_1292396647_-378512265_1717554427",0.0505883289068873,9.33808990730687,57.9557934802146,1.71754500579045,1.33452945955642,1.09892089480663,-0.119159555617414,-0.0410962622771092,0
1,16,0,"10407_-263555962_-1823012637_-297480694_-324143353_-227319812_1186682879",0.053936853525896,7.3430799539204,110.906353685329,0.812302646084328,1.69330864051286,1.41925581484892,-0.0892583367832666,0.0194631626843097,0
1,17,0,"10407_1199456750_-1027854578_373176978_-89606557_944902372_-589285613",0.0673955326087938,13.6116718202952,82.7804907392352,0.201271755300584,1.49822270094075,0.74497218555607,-0.0979830587706473,-0.0482894639613709,0
1,18,0,"10407_-147795572_221835483_-325363647_-600667444_406752400_-1764764432",0.0607131552452539,8.45283098280102,56.1911148369324,1.63830250993183,1.88930561151689,1.70272536834105,0.01362029247324,0.0155178737937747,0
1,19,0,"10407_2097376177_1022608996_375536980_1341790405_-19766332_1742771219",0.0209475572651932,9.49982893389406,71.8362602987893,0.116145865465128,2.38610376104936,2.51798241857302,-0.0726077009033532,0.0295458924757074,0
1,20,0,"10407_-983314185_1036346798_-1779857400_-247078367_1310668322_1746564422",0.0766502962532131,12.9640174427237,70.8766611228588,1.61867993797651,1.86465114902558,2.43041078664256,-0.0929052531260631,-0.0112508955557566,0
1,21,0,"10407_-1443539759_-596880979_1318687974_-1586334128_-882530764_-1876567198",0.0573073098300771,9.12661113672957,49.4884983311703,0.460409811579795,2.46047810767997,2.32712856594537,-0.0609798723157876,-0.0228899443501393,0
1,22,0,"10407_141133842_-632043783_-593484086_-236934953_-536447177_-927338772",0.0791378324939099,6.31309639775167,52.124153489515,1.28886772050438,2.97026730649857,1.03921865592477,-0.0443951005483234,0.0141737807939403,0
1,23,0,"10407_-907938285_-1901759803_-1531030064_712310934_-170999609_-1386111979",0.037255507553263,13.3913607431464,102.290605373481,0.286748832878513,2.66530598975395,2.92884910963548,0.0282034622439696,0.016919821762264,0
1,24,0,"10407_476284993_1965194452_-1973124138_-1748770303_-430666203_1091168957",0.0640538222142949,7.52517273994326,52.8375058088594,1.08633359082623,2.74540510599717,1.3415817248458,-0.0258861821660716,-0.0179594358878822,0
1,25,0,"10407_1605001126_120764038_482567672_-1501162601_-926274193_1657176290",0.0725668133147753,5.69645374500625,85.1849677103917,0.686371165234497,2.00474207899361,1.73812954727611,-0.116361290399951,-0.0397154342498538,0
1,26,0,"10407_993383597_405613403_1384579268_-1821631427_-1757674106_1444944233",0.077660727770401,9.77943294269414,107.730998499255,0.0930033946963565,1.65946942151661,2.62501016668355,-0.143208266539283,-0.00770359592916163,0
1,27,0,"10407_151956658_-408313109_1297303118_-192053134_2060536377_-493083348",0.086501932113525,10.1484622203642,46.5136648013445,1.85559003238033,2.07406171188599,1.30734702157425,-0.0231305424864178,0.0371150637324744,0
1,28,0,"10407_-1071780236_-632683642_-1279192442_673404045_527735528_1131464449",0.0823746303994961,7.07484486662753,66.2608832352347,0.472785507595693,1.24417832444343,0.893256810292349,-0.134550832488882,0.00475746775093798,0
1,29,0,"10407_-627068621_1308760183_1330043191_1373494797_17674591_-1288898325",0.0997629887323598,8.88236228495423,63.3776212359802,0.837306731892121,2.55119108939083,2.24490985691315,-0.0954417644684173,-0.0205405292688939,0
1,30,0,"10407_1323694405_-574464512_-1195460472_-1358316443_-1615189022_1483356315",0.0914688043434898,6.77417007859207,97.5389275011248,0.652537089065931,2.24229281811292,0.837811084629143,-0.0797219441000289,-0.0441225720438512,0
1,31,0,"10407_-20708810_-244344685_-116185546_779834202_1087512605_-2052500405",0.0936529085719504,11.2077750444135,95.7302446923252,1.59741252926264,2.99060978905894,2.13709659626063,-0.100611937844901,-0.0493340945750805,0
1,32,0,"10407_901720464_-1977054557_-1549080477_-1840618757_-1965212735_1881986641",0.0444441639043824,7.82478605753669,110.235051836141,1.36853632410521,1.32260843164551,1.18670003173666,-0.0215531783053445,-0.00585732897588155,0
1,33,0,"10407_1344404565_1089153512_1801846487_206110346_1219516868_1295074941",0.0854690254283038,5.00780802145938,102.633836940214,1.48294816763288,2.21440793124594,2.04835649357891,0.000174402943527272,0.0246972660113898,0
1,34,0,"10407_-186659694_2000421061_2143182476_-1097319430_-1016329229_175612651",0.0263503342482423,8.69170608418881,98.9955342163656,0.581804295066609,0.885690497570292,2.7454003024947,-0.143593073572349,-0.0142493169170008,0
1,35,0,"10407_-1001568860_12451136_-202344976_-1230113531_808039317_-1506282",0.0957039254581128,5.85638484871727,97.2732913993308,1.25898853466808,1.2785040903729,0.983784829880692,-0.0172525390603761,-0.000599257297789563,0
1,36,0,"10407_-390329258_2136124733_617482536_367134549_-200890568_1429535209",0.0845244834723632,13.5180387493816,54.4929813530929,1.41912275768643,1.93057187323871,2.98539148861546,-0.00497109645732867,0.0488149773323129,0
1,37,0,"10407_-2031412869_1781438677_-1272036630_-679447577_39766352_778651118",0.0411853929989882,10.0283120849903,67.8490672230495,1.9904292667136,2.62630169921514,1.19933342026956,-0.133051822161192,-0.0293299713307372,0
1,38,0,"10407_-155785877_-1285121498_1635308575_-631555864_-1794633597_-414514247",0.0892685348139739,6.60327730416241,88.5559833403798,1.02800961381255,1.06264156620733,1.61885707318021,-0.0473585524584816,-0.0108125871027629,0
1,39,0,"10407_-774053526_488429441_-13538375_971492967_1812117314_1263771119",0.0333719469004695,6.84039025192549,96.2427977766979,1.17674572775431,2.43148598958397,1.41847232809634,-0.112144290523083,0.0443002350548513,0
1,40,0,"10407_-638530706_-195962769_-809729706_744349652_-1890277018_1974751781",0.0553725866893069,12.8517459904535,80.9752118029111,1.79249299173719,1.60205186671939,2.96485668604499,0.0201481029233093,-0.0223420887887838,0
1,41,0,"10407_-1316255294_1960267639_-1433043838_968904431_-1519340517_1042699747",0.02818467001254,12.0047056335167,67.0092385872557,1.50254441358626,1.43116039889896,2.77119994960512,-0.0548964529564167,-0.00176085732790137,0
1,42,0,"10407_-1923215357_1956457584_1198738300_-1785715394_1661363422_-472131671",0.0734419076361034,5.46737983983696,45.2816156229258,0.254477720354507,1.50928567029307,2.71940655215098,-0.0878364217891883,0.00629076066886266,0
1,43,0,"10407_1067455294_-2114553526_-122346932_375634128_490621513_-409745393",0.0583258358353688,6.54683222796501,50.3943832986848,1.57268397831318,2.81617344167964,1.78009165391362,-0.109567656941903,-0.0277643920367685,0
1,44,0,"10407_1338627053_-1859863254_-279902089_-123900818_-41113361_-1802374502",0.0317261568415073,13.1218974804369,113.247797263825,0.316088951476326,2.91736735481447,0.911763512706515,-0.0826602165528631,0.00522796983013808,0
1,45,0,"10407_1032790901_117734077_1302734494_-2126682769_-1116294492_-510401287",0.0986173904550768,7.70040471930815,54.2739667043755,1.6677550374191,1.79456054592123,2.13950273422852,-0.104958974217639,-0.0328661863240802,0
1,46,0,"10407_-373039812_-958668525_-1501327587_2023814349_-172849708_-31687706",0.0889150887390921,11.8456647287228,59.8776841459338,0.744691407856051,1.46333171485731,1.12348819659715,0.0274192288377554,0.0382965420479143,0
1,47,0,"10407_137928034_635943945_-871056901_1660974199_1484298569_-237384997",0.0969580374353732,7.37275157430358,91.5108931295988,0.724359198397832,1.24654688847059,1.24147888828159,-0.0761132004857752,0.0420120176864438,0
1,48,0,"10407_-785422948_1727205985_1494615529_1481299263_196047364_-172360202",0.0900888736239834,8.36127251966358,87.592195958343,0.510860352768261,1.84197083705278,2.57853846367181,-0.130016270238588,0.0180478720172442,0
1,49,0,"10407_-645814037_91414573_804228822_784997212_1894770759_1179633972",0.0664987802514216,12.7928451117198,69.6702698184879,1.68623508388308,2.8296875279129,2.10650200359288,-0.015426911716768,0.0333016840168858,0
1,50,0,"10407_-1195454512_-1877378761_-1762268676_-675087622_-1798893028_-528404112",0.0228114887645444,11.3162632884991,57.2100327605275,0.618738139658388,2.19011811316061,1.44998772492136,-0.124140257453353,-0.0191172891963264,0
1,51,0,"10407_517970484_1971276191_-912860489_-239314056_1884583867_-1292595563",0.0392744851135865,9.07176329360774,77.571667692537,1.74353721046837,2.59380676439772,2.8206758579357,0.0226139545136137,0.0134396226425752,0
1,52,0,"10407_-4747056_719978946_-1175705824_-1980359286_481911063_2112210130",0.0740980578289358,7.02056941067117,103.487216170897,1.30358377173713,2.30092519616561,2.48222424941432,-0.0739767877944796,0.0269573860303234,0
1,53,0,"10407_312449321_-1130742619_-1040240450_1736056863_1624596722_532847643",0.0356427429706535,6.17404301550992,89.6537207908959,1.20200536256065,1.63997409473514,0.947232110021119,-0.0274171599335431,-0.0423240227554102,0
1,54,0,"10407_30805705_-2018188993_1313214758_-981916782_-245100725_-660287736",0.068871659767885,12.4956861919519,91.0122036242733,0.352056918730165,2.60481166289702,2.66456368511816,-0.030669046063363,0.0112553378805426,0
1,55,0,"10407_35267465_-251844824_1962712832_1484556783_68663830_1132890145",0.0596236150604002,5.43243599397977,64.0919780503856,0.551659238358871,2.34746496483863,2.6991513670407,-0.00980727884974657,-0.0239346405618487,0
1,56,0,"10407_1720777696_2027772820_366751682_-1022077008_1344302634_-1789429283",0.0789706712865503,8.13691827102178,81.2427442502535,0.610232822046744,0.714065984445502,0.782946987416182,-0.00156439496067915,-0.042758962740508,0
1,57,0,"10407_75354438_-236955104_-2124361852_-7571646_-910884085_1104079576",0.0214984648138473,9.30287061390584,112.153988257746,1.32874899839745,2.50879442462593,1.65707780192803,-0.0857430796309632,-0.0032988157495632,0
1,58,0,"10407_822193712_-991741738_-1619675272_-1510630330_-280661154_-1301896175",0.0466724196837431,10.3871253584987,84.0085971847725,1.92382213285833,2.89500475374132,1.62859308207841,0.00828448305178259,-0.0450746666548147,0
1,59,0,"10407_703569900_-274014881_1852790627_994577383_327952526_1092293474",0.0366621173205134,5.57048426167935,105.979390396805,1.36623027299392,1.20164140240817,1.8815268331874,-0.0112192067391809,0.021428268364591,0
1,60,0,"10407_-1756932684_1317388012_1253254632_-1075044991_253003322_-554931937",0.080339051476103,11.4951684201027,92.3751112641971,0.39558751464247,1.57507874564998,2.05788267522284,-0.0370937841801804,-0.0352038283389752,0
1,61,0,"10407_-16942016_1769374933_-2055204427_-961566779_-736290524_-754156900",0.0472656818205169,11.7163911041808,80.1156140307377,0.804765184525292,2.72316273136364,2.18647506236316,-0.00632946842374035,0.0434809664544396,0
1,62,0,"10407_-395166573_767206071_-532473894_1953066004_780475386_1171441533",0.0514160579705006,7.18608619000915,78.6716288553169,0.95153508478541,1.3910975686515,2.19894866592049,-0.0686767207759567,0.0254031548215673,0
1,63,0,"10407_-1659476927_-401146725_-1936042536_15913761_-233388874_-1736647209",0.0718269667858279,12.6130420744293,56.1240728486233,0.331714268519646,0.740324292194553,1.29579645244158,-0.136737433145902,0.00981371422094586,0
1,64,0,"10407_-711940162_1952993792_720023719_-1085813461_1415552759_-487951351",0.0279209710104768,9.87798736549456,93.3306329759254,0.514711706813113,1.71825559382232,1.99608050099801,-0.0378332686960511,0.0405179512943686,0
1,65,0,"10407_1557395770_-1795176427_795808196_-1758834642_-1206594812_1437785089",0.0387860488243164,11.0609603630771,72.9381047705664,1.46233165953148,0.79467109422411,1.49446217283388,0.0170539760624471,-0.0305321117797702,0
1,66,0,"10407_-1844415757_-1260156790_2070314666_1525110334_954200325_1863133434",0.0236651710251708,8.77609665162453,61.6165462601087,1.96019233080675,1.77353391289014,2.64627321150441,-0.0634774254467465,0.00863938389712522,0
1,67,0,"10407_-311410824_-871923661_-2003810347_1517034560_-1596713210_-929972012",0.0492142648858873,8.01854050058341,108.553178788957,1.00015412768412,0.924773644146432,2.34843050477381,-0.031735711116292,0.0483775624816266,0
1,68,0,"10407_-1689223083_107620691_-321766870_1169396475_-943145011_-807389724",0.0241552543936514,13.7344209794969,111.921663939539,0.145309733364131,2.27375042344737,1.52344015491848,-0.0991987277018105,-0.0266230477165882,0
1,69,0,"10407_-1814771402_-1935857228_-340980916_-367514694_-1747736823_-1945641885",0.0839675511050156,4.94968270179777,99.2588683062924,0.1739602484733,1.04091768326171,1.92253021433455,0.0107603649318698,-0.0162339037238625,0
1,70,0,"10407_1754846293_1373806019_-723077316_-514844623_-1822378672_-1168060210",0.0423103132768406,9.55377347149681,90.0975593193555,0.43501677289148,1.12295167698151,1.15328475301986,0.0150217719489659,-0.00924018362524411,0
1,71,0,"10407_1856941639_-1052423147_-1253778429_153108246_-1856487430_-240162176",0.0639931784820699,12.2091244547385,74.7901367321194,0.668864876081386,2.51491055768685,2.27906530630323,0.00655731276519856,-0.00736876340413065,0
1,72,0,"10407_-243823603_1427741555_-1142237028_984778052_350372457_622097580",0.0292702025927608,13.8014837340332,94.2325074561342,1.94566284984155,0.966313243831835,1.81855632481333,-0.108673421049798,-0.00483747366581683,0
1,73,0,"10407_-777201063_-1988494899_932519720_1948365899_736592765_-412644363",0.0615003398722202,11.6823046139655,48.0950963463783,0.777438144001559,0.951180537766614,1.7064676788156,-0.0508597470103594,0.0278187281914976,0
1,74,0,"10407_-1959673688_-1384435728_1482755062_-696319086_-1080311235_-533163601",0.0521852687996663,12.511689339043,68.4404014016971,1.78001877059203,0.829478231772716,1.96228445327903,0.00391272334972082,-0.0137010766696357,0
1,75,0,"10407_-1801896217_924161288_-737385914_-1014699310_-1555829465_173905473",0.0544766940931213,13.2251420660641,70.4000271853943,0.169661503260628,1.97983392569625,2.48414284632057,-0.0818202161481848,-0.0377157239746583,0
1,76,0,"10407_1929587512_481487244_643588872_-622140472_525201992_1691416391",0.0439752966928905,7.85922310834115,65.575049241869,0.894142056987981,2.09058929984692,0.798292766732605,-0.114598519772173,0.0231532018895648,0
1,77,0,"10407_-1463428095_1317699277_-224838829_1609473445_-1221648821_-319327179",0.0700428481108771,8.22631701456539,75.360307364998,1.01971113580117,2.32469143699379,1.82873692347023,-0.0591469686684011,-0.0342784533952173,0
1,78,0,"10407_943001649_-1359865744_-1372285546_-1373042103_2066327249_833441784",0.0697564214936773,9.65984572793457,108.918935765625,1.88420998818446,1.54390133602666,1.0537740104078,-0.0409294181023885,0.046748935547955,0
1,79,0,"10407_-1265222138_-1967805619_980270243_-1019636263_381541687_487923607",0.0814277380513888,5.12328888364473,76.2870203576392,1.54855833458979,1.10037672076336,1.25631078089212,-0.0648427713738164,-0.037009983326268,0
1,80,0,"10407_21434871_1237100602_176724757_1798876248_616885247_-1730890246",0.0329159634305445,12.0604607610175,100.503776731491,1.23006565011512,2.02818506218464,1.58553860863136,-0.140080078718871,0.0315669903225345,0
