"iter","draw","step","Prevalence.of.precancerous.lesion","Cancer.incidence","Stage.at.diagnosis","tot_dist","n_good"
1,1,0,-1.40101646525656,0.296225571113844,-0.316833550409718,1.4666220452342,1
1,2,0,-0.407745832969046,-1.47053654701555,-0.0133886815622896,1.52607786734688,0
1,3,0,-0.820833982398853,-0.912431981431826,-0.191331237556252,1.2421385550192,0
1,4,0,-0.178277411261171,0.058721047030619,-0.0600263420528804,0.197063843641106,1
1,5,0,-0.301451970886496,-0.368200330231599,-0.031947953963378,0.476933376580479,0
1,6,0,-0.958642517900623,-0.497346901830524,-0.00564700027247692,1.07999134556687,0
1,7,0,-0.396935564101854,-0.857469529765089,-0.0137818596104704,0.944987712183996,0
1,8,0,-0.227147747937551,-0.712522856862133,-0.0786281689719033,0.751975604590967,0
1,9,0,-2.58545192309004,-1.43546092590407,-0.073533873508082,2.95812727024387,0
1,10,0,-0.896963778383537,0.35025448240056,-0.00919429578009138,0.962967682349022,1
1,11,0,-2.86492637816997,-1.82726866787008,-0.0555724253419139,3.39849999725941,0
1,12,0,-1.66848125228229,-1.97615987824986,-0.356123589914682,2.61072050685547,0
1,13,0,-0.383716179945452,0.128346349613595,0.00175168972808762,0.404615818558752,2
1,14,0,-0.477021528180247,-2.20447382467924,-0.0312895631674291,2.25571128888573,0
1,15,0,-2.27951000090858,-0.889971651214076,-0.00576948234879917,2.44708983716036,0
1,16,0,-0.351302693789314,-0.341539439878675,-0.020569376621646,0.490393587754643,0
1,17,0,-1.59433241253283,-0.702050052796301,0.0000000136983723467335,1.74205916038579,1
1,18,0,-1.71929146074528,-1.17846423715923,-0.0174805693767938,2.08447754978572,0
1,19,0,-1.9962542089838,-0.899583435692097,0.00285852647234894,2.18958658103093,1
1,20,0,-0.315984103354399,0.15455603872158,-0.181396803638599,0.395775596832713,1
1,21,0,-1.33999434263525,-2.14058909565798,-0.0164553066444887,2.52546575741211,0
1,22,0,-0.18324907579215,0.0442680308430297,-0.0617166915548288,0.198365401090691,1
1,23,0,-1.90534285085217,-0.570820816245222,0.000401625790606187,1.98901180108505,1
1,24,0,-1.39039312968709,-1.03095093138288,-0.0375268676598066,1.73131774778538,0
1,25,0,-1.72204725189337,-0.511523564251851,-0.0415856920775885,1.79689522908933,0
1,26,0,-1.00764596194698,-1.53782368080076,-0.163386139219822,1.84579172398969,0
1,27,0,-0.383474768896634,-0.561278515572045,-0.101133340986101,0.687251353641517,0
1,28,0,-0.507953496039211,-1.49417049947573,0.000620753384132647,1.5781516470152,1
1,29,0,-0.614126000353333,0.296565307477828,-0.00393731414856371,0.681995035430687,1
1,30,0,-0.905566013802078,-0.53498091340708,-0.0619129755399198,1.05360694739711,0
1,31,0,-0.660550142594987,0.0910084765634121,-0.0042574305883638,0.666803688804933,1
1,32,0,-1.48745961029862,-0.703129898837852,0.00210093696120974,1.6452757096747,1
1,33,0,-0.212262723921494,-0.572025294647908,-0.0254694758937639,0.61066938345221,0
1,34,0,-1.66213990009029,-0.406193881837453,-0.0505585252807784,1.71179983689475,0
1,35,0,-2.34401968010297,-1.28689970914698,-0.0199417113309794,2.67412355622612,0
1,36,0,-2.05239844311957,-0.999685452083696,0.00188165008633067,2.28291785069775,1
1,37,0,-0.702268288566042,0.266747423610705,-0.0194043195401699,0.751472863612016,1
1,38,0,-3.27122760200794,-2.36256461205291,-0.0312950626966848,4.035296885139,0
1,39,0,-0.439527145058522,0.100321657018227,-0.0308115449371504,0.451882614637465,1
1,40,0,-0.483022050119414,0.01244595466286,-0.0769681489889933,0.489274257086783,1
1,41,0,-0.201637591219787,-0.629096782361684,-0.00512046395117195,0.660641127180119,0
1,42,0,-1.83616239943901,-1.35089951232869,0.000848440234461823,2.27956631168613,1
1,43,0,-0.23521357422956,0.200660181985223,-0.0826857263345431,0.320041971428215,1
1,44,0,-0.456640466289435,-0.527767909190644,-0.025827728532109,0.698374221306618,0
1,45,0,-0.561881005591645,-0.486377474173211,0.000347598519211932,0.74315101604756,1
1,46,0,-1.0223452082202,-1.56315222976508,-0.0265730116951311,1.86797771484054,0
1,47,0,-0.732607102560578,-0.353335778986295,-0.0513449755733162,0.814981991181819,0
1,48,0,-0.275842242604426,-0.904267727227521,0.000119450380602497,0.945404188471079,1
1,49,0,0.0383330644924943,-0.317202064564719,-0.0080416566139948,0.319611079029816,1
1,50,0,-0.159670504182079,-0.444578450666797,-0.101718027059159,0.483209298060226,0
1,51,0,-2.11216827883775,-1.85235143669359,0.0000000405858337100146,2.80935236009106,1
1,52,0,-0.312213087389592,-0.336081008158396,-0.0547103870422145,0.461974763847999,0
1,53,0,-0.110766593891191,0.244647389866554,-0.0115983383464581,0.268804957437865,1
1,54,0,-2.14924181755153,-0.733053968485347,-0.111974077215555,2.27357575307985,0
1,55,0,-1.44232608560013,-1.74577524871295,-0.201461915041836,2.27346050316114,0
1,56,0,-1.48500825503401,-0.607832878307556,-0.0425740634019639,1.6051550941717,0
1,57,0,-1.57638707192924,0.376794897525965,-0.0172090894367564,1.62088455730397,1
1,58,0,-0.349972708134698,-0.230952541085749,-0.00624724820708093,0.419355458749806,0
1,59,0,-3.17052510856726,-0.9371831528423,0.000144311499774371,3.30613698246952,1
1,60,0,-1.32484075289095,-0.682616413389688,-0.0627524552131738,1.49167893964651,0
1,61,0,-2.82110390446332,-1.90980428300609,-0.162998609408822,3.41065216429876,0
1,62,0,-2.46043695441825,-2.18785419473186,-0.171181873477426,3.29693178847849,0
1,63,0,-0.775886780333406,-1.07282523014993,-0.046821699198249,1.32481943745486,0
1,64,0,-0.671573220456436,-1.1463702163893,0.00179109210592764,1.32860019248441,1
1,65,0,-0.140149207521129,0.278869602437076,-0.162936713405388,0.352077304164246,1
1,66,0,-0.52643064557229,-0.309678340594768,-0.0215237072123593,0.61114087508802,0
1,67,0,-1.90420751285547,-4.59634213956038,-0.0307652175313714,4.97527022527656,0
1,68,0,-1.55603185540514,-0.60028517704674,-0.0230820275379083,1.66796588958314,0
1,69,0,-1.03474132748493,-1.02840046027338,-0.00940366117872352,1.45889874574603,0
1,70,0,-1.67054444714663,-1.36530411457091,-0.025513275625835,2.15764339092211,0
1,71,0,-1.21239230619513,-1.41932862341719,-0.0678954459994675,1.8678861413266,0
1,72,0,-0.237209977457997,0.0415807565926326,0.000869141611646653,0.240828337476262,2
1,73,0,-0.61767061014422,-0.245766926718966,0.000527084385333009,0.664769616275268,1
1,74,0,-0.24388210805685,-0.604773039741946,0.00192775436825493,0.652098634000924,1
1,75,0,-2.67205433443435,-2.21157332419937,-0.18540336232414,3.47351483964597,0
1,76,0,0.0772617536443304,0.113185023496347,-0.0644433035668143,0.151437008339014,2
1,77,0,-1.34818884469908,-0.782711107873322,-0.0233223827009988,1.55910030879805,0
1,78,0,-1.9356665856018,-1.38800726596536,-0.0210537827600027,2.38197660835628,0
1,79,0,-1.20687705138055,0.171098267246559,-0.0504516575897273,1.21998860812605,1
1,80,0,-1.08656664806429,-0.863520906679546,-0.00803399327997151,1.38793370951438,0
1,81,0,0.0569450523027984,0.101457961256731,-0.0202284938152968,0.118091696770672,2
1,82,0,-0.156271441670753,-0.953030824609551,0.000636182049503692,0.965758210353615,1
1,83,0,-1.09448682350678,-0.413026637305,-0.146477872455771,1.17896063423365,0
1,84,0,-0.213363383416186,-3.1270330207214,-0.118839069401113,3.13655578150317,0
1,85,0,-0.189799794567861,-0.734285795717153,-0.00467628163757111,0.758433556364649,0
1,86,0,-1.79878641458903,-0.460159759231566,-0.145626284398576,1.86241418165612,0
1,87,0,-0.166795708381138,-0.41317717576739,0.000779363461736681,0.445574678720513,1
1,88,0,-0.715710402123531,0.0118903116627132,0.00326418341406646,0.715816606480057,2
1,89,0,-1.86944081114005,-0.632761745390961,0.000736033088336609,1.97362532273248,1
1,90,0,-1.87852082042994,-1.9800415804589,-0.145444584837094,2.73323238316711,0
1,91,0,-2.01948965649407,-1.04536118564218,-0.00648938634328453,2.27401860002702,0
1,92,0,-0.978342066548854,-2.06384964973628,-0.0327257077896014,2.28422843600328,0
1,93,0,-0.318066674023557,-0.773843181518649,-0.0192640437022148,0.836881581878269,0
1,94,0,-0.260150458193145,0.0598797623250085,-0.00665651009085026,0.26703587017626,1
1,95,0,-1.95943423659192,-1.01122718634167,-0.079839344011677,2.20643088964447,0
1,96,0,-1.1418941567921,0.0618218760145833,0.0020885530953162,1.14356835026331,2
1,97,0,-0.765624058243408,0.190373697973498,0.000941096371756974,0.788938038824084,2
1,98,0,-1.14571146650093,-1.14673339980851,-0.076018111075572,1.62278495430528,0
1,99,0,-1.60560256222233,-0.673038157077373,-0.0578911819643668,1.74192173694636,0
1,100,0,-0.221233170845416,-0.64574855187592,-0.0167175470035427,0.682799227086543,0
1,101,0,-1.65139042891669,-1.71216782716859,-0.00547977707587667,2.37878940746458,0
1,102,0,-2.87898871438229,-2.09081084170912,-0.0607379805177325,3.55861702008327,0
1,103,0,-0.291527455441717,0.237205649461353,-0.122754830047087,0.395377700069938,1
1,104,0,-2.14986187698596,-1.08232377199094,-0.00811870050482896,2.40694760035033,0
1,105,0,-0.977877457763582,-0.538141928387724,-0.0169856424606589,1.11630173767706,0
1,106,0,-2.34604401885751,-2.82568526222633,-0.0559655775953524,3.67308479148736,0
1,107,0,0.0553559693912399,0.132822163866355,-0.128366786180958,0.192831642517021,2
1,108,0,-0.228619118680231,0.0294213702280639,-0.0116617419608953,0.230799295228093,1
1,109,0,-2.33545060664876,-1.34789641822685,-0.0836403744400065,2.69780466353688,0
1,110,0,-0.275834651759299,-3.75035111480986,-0.0578360759107217,3.76092585025861,0
1,111,0,-0.309622171552541,-0.334687839287779,-0.037958921332336,0.457517998107995,0
1,112,0,-0.720057085062907,-2.8906662305214,0.0000365928914931375,2.9789987350392,1
1,113,0,-0.703470115890389,-0.474409932037769,-0.0258043168327286,0.848882118043561,0
1,114,0,-0.302905433773,0.0207211163360765,-0.0729036744693659,0.312243514300229,1
1,115,0,-0.183402364358287,0.259402128635404,-0.0191663970193361,0.318265993105596,1
1,116,0,-1.45148941322281,-1.29834939087764,-0.0785055655970063,1.9490243152203,0
1,117,0,0.0629266638160515,0.0244330564027082,0.0000405210855783281,0.0675036362439437,3
1,118,0,-1.65861236076149,-0.646335007285964,-0.00863892120768991,1.7801175623744,0
1,119,0,-0.163311026410568,-1.54790435175297,-0.0317072042117991,1.55681846093948,0
1,120,0,-0.227856776196058,-0.548149535270983,-0.0245859098523901,0.594130533165503,0
1,121,0,-0.785657233318377,-0.425686189388857,-0.0257413731527283,0.893939952342259,0
1,122,0,-1.07905097192269,-0.992753675923563,-0.10022257185023,1.46967868086032,0
1,123,0,-0.456822355058019,-0.332026068009164,-0.0377336355538752,0.565996290774501,0
1,124,0,-2.61243370263143,-1.39535019390141,-0.0245770109381192,2.96182647090134,0
1,125,0,-2.23138619046598,-1.56715969697076,-0.0071479792249946,2.72674255118058,0
1,126,0,-2.48758923944654,-1.53938315477618,-0.0119044324480061,2.9253961162432,0
1,127,0,-0.665713914661971,0.192252992032347,0.000728643927878297,0.692919014057147,2
1,128,0,-1.51851868159979,0.251502769118245,0.00274591873141566,1.53920764333841,2
1,129,0,-1.3937050929082,-0.904844920226611,-0.313430232770027,1.69097508156461,0
1,130,0,-0.44751040363725,0.099523746393178,-0.223243106304322,0.509909817489437,1
1,131,0,-0.135018363851562,0.234634640100888,0.00183470096366816,0.270715236069291,2
1,132,0,-0.733238288480555,0.146133104226456,-0.0560981720826818,0.749760146150602,1
1,133,0,-1.50497945353476,-0.336682606692189,-0.0450809361704593,1.54283849576578,0
1,134,0,-0.42849008865986,-2.39426253514637,-0.0204926621490779,2.43238911206394,0
1,135,0,-0.46301770463175,0.140005752332251,-0.0297479542541317,0.484635890407303,1
1,136,0,-1.67430777445327,0.374342748129199,-0.00595169320713545,1.71565568787086,1
1,137,0,-1.08443162781954,0.346928479208296,-0.0563001915759403,1.13996536643558,1
1,138,0,-0.26550043691825,0.220272469273085,-0.00512940867821799,0.345017033719833,1
1,139,0,-2.78039721822142,-1.90331242295735,-0.285216176210523,3.38150190561078,0
1,140,0,-1.20176464093022,-4.19048213202233,-0.0171976598513066,4.35943511369225,0
1,141,0,-0.243879877350837,-0.18386533065886,-0.0863485222675126,0.317395528785039,0
1,142,0,-1.52071119654257,-1.47719482827388,-0.102400377002828,2.1225345559447,0
1,143,0,-1.34449762459754,-0.432077680941152,-0.00840719012470473,1.41224490289812,0
1,144,0,-1.96913277691771,-2.2044145176357,-0.219196821915164,2.96394576627718,0
1,145,0,-1.15356061595522,-0.91480172861504,-0.0227543816999604,1.47244085084821,0
1,146,0,-0.504969073626369,0.249647499896493,0.00211400216296133,0.563313508207275,2
1,147,0,-0.72671764216532,-2.09856325164345,-0.0523574896016502,2.22144717679715,0
1,148,0,-1.62168187389299,-1.82613595310299,-0.160915269624057,2.44755354248413,0
1,149,0,-2.63527087483633,-2.66653328168162,-0.0130028999683801,3.74902939458788,0
1,150,0,-1.18195714634929,-0.273931902783954,-0.0119601626267752,1.21334431578965,0
1,151,0,-1.99077406349355,-1.17377602417942,-0.0824342828616521,2.31251528379987,0
1,152,0,-0.9763100332923,0.341189266212871,-0.191954724393587,1.05187357258518,1
1,153,0,-0.443805890731746,0.0160135757922963,0.0000482670832450496,0.444094703399585,2
1,154,0,-4.11306719414992,-3.45583127806774,-0.0850330556448553,5.37283185914244,0
1,155,0,-1.10127523879077,-0.314918246594656,-0.00443959422380453,1.14542584378422,0
1,156,0,-1.47776124574248,-0.446544330582582,-0.0614069484077254,1.54497603602986,0
1,157,0,-2.13197033852024,-1.18566946462783,-0.0130362195657171,2.43952445093332,0
1,158,0,-0.230291675677958,-0.984507256487041,-0.0128310892414255,1.01116439356483,0
1,159,0,-1.27236511033427,-1.22106021227797,-0.0381102679075172,1.76390289089968,0
1,160,0,-0.302887237127498,-0.337694500999745,-0.0313127351603536,0.454707314438001,0
1,161,0,-1.10627457178106,-0.493718272344279,-0.10850774329574,1.21629564291381,0
1,162,0,-1.18718266146439,-1.19900241703298,-0.112354824546233,1.69104496520093,0
1,163,0,-1.36297392521857,-2.07550543251713,-0.0242675590480906,2.48314510966556,0
1,164,0,-0.274399995181178,0.117185640294117,-0.120585530658183,0.321820915806739,1
1,165,0,-1.6346445414461,0.35581768898859,0.0000811920547011585,1.67292229684133,2
1,166,0,-2.41955944037517,-1.18080677798746,-0.0520040144523881,2.69281951678327,0
1,167,0,-0.36299841700975,-0.448489382426728,-0.166333425816806,0.600480961767354,0
1,168,0,-3.79874187972082,-2.84304983314636,-0.103338082993908,4.74595100921778,0
1,169,0,-1.53934061875068,-1.03820337771569,-0.0195629119889666,1.85683022960137,0
1,170,0,-1.34364956076566,-0.786262450345705,-0.00544613284012725,1.5568019923331,0
1,171,0,-0.821328917106435,-0.481486582165327,-0.134149742124399,0.961460697164747,0
1,172,0,-0.918536902519054,-0.510906352787699,-0.10156738395742,1.05595988375131,0
1,173,0,0.149504275805952,-0.58214293215281,0.0000617117450536568,0.601034047078926,2
1,174,0,-3.15247699878275,-2.51619365403273,-0.0119755166055633,4.03354498492912,0
1,175,0,-2.53907907752259,-2.5959202350988,-0.0438563732405277,3.63148011289917,0
1,176,0,-0.209206440602404,-0.469888575723577,0.0027916408049963,0.514364074993037,1
1,177,0,-0.750496591976337,0.0246126589983714,-0.0137603840527087,0.751026141835519,1
1,178,0,-1.88763877980964,-0.55775368602973,-0.207931449950237,1.97926876022418,0
1,179,0,-0.5754614937418,-1.27739859134324,-0.00404278873859837,1.40104226777282,0
1,180,0,-1.04269326799553,-4.36103824212076,0.000139907902507389,4.48395626873603,1
1,181,0,-0.288127593791506,-1.56854205054754,0.000490535824806909,1.59478585247843,1
1,182,0,-1.87064886710313,-0.784656280416271,-0.00985353404427757,2.02857332983653,0
1,183,0,-1.11440844158549,-0.730798735444442,-0.0210735342571476,1.33282296658269,0
1,184,0,-1.6722098248174,-0.935394793418334,0.00282365784438999,1.91605247600727,1
1,185,0,-0.964149136436634,-3.69432502416946,-0.0245814512796826,3.81814420749704,0
1,186,0,-0.349227884994975,-0.783592908944662,0.00305174270949061,0.857897007653008,1
1,187,0,-0.109160490433269,0.225370834227851,-0.00855636312926202,0.250561842550276,1
1,188,0,-0.264918161338047,-1.30866519580251,-0.038389324708061,1.33576194254931,0
1,189,0,-0.398195274630209,-0.514063410735001,-0.0510855500672569,0.65225025904173,0
1,190,0,-0.531674011798995,-1.23359588158065,-0.036927665123742,1.3438004711737,0
1,191,0,-0.821584185027213,0.237683202990232,-0.00865558529672015,0.855317950955874,1
1,192,0,-1.69895183819041,-1.56284481415412,0.00245443818759098,2.30844694240215,1
1,193,0,-0.476536085324456,-0.543588692060366,-0.0374860534319152,0.723864981163033,0
1,194,0,-0.591430171340415,-0.976409541372055,-0.0557307860714785,1.14292220232625,0
1,195,0,-0.466747060736678,-0.346957137368375,-0.0185252749004362,0.581872202195054,0
1,196,0,-1.68894759711829,-2.09654885677548,0.00246149268305309,2.69222345907699,1
1,197,0,-0.494267568244278,0.0491822469039298,-0.10106281231747,0.506885602934377,1
1,198,0,-2.24639020648109,-1.74325106435038,0.000354719293058687,2.8434474426229,1
1,199,0,-1.55414917476672,-2.20827508067051,-0.0300420483172159,2.70051125048675,0
1,200,0,-0.408757890694689,-0.363686412992892,0.00108618750978433,0.547130697369572,1
1,201,0,-0.105702021918659,-2.28948215505779,-0.0558217080524186,2.29260060168701,0
1,202,0,-0.448067726340658,0.309603558112794,0.00103593268578799,0.544628427224212,2
1,203,0,-1.14464881520368,-0.426679501350328,-0.155413219582269,1.23143395106708,0
1,204,0,-0.2660897372525,-0.767020799173671,-0.0134763331915072,0.811976764564362,0
1,205,0,-0.881161499003169,-0.400113838385772,0.000321527946264893,0.967748301147322,1
1,206,0,0.0638642703549522,-0.702886184768913,-0.00560939816040284,0.705803867313498,1
1,207,0,-1.54668700298324,-0.746611804488734,-0.00785518428884564,1.71747826062499,0
1,208,0,-0.502419060821579,-2.26172459925447,-0.00747762836864975,2.31686835846917,0
1,209,0,-2.24253439022773,-1.86924235066933,-0.0051621840771738,2.91942701656238,0
1,210,0,-0.338231651543915,-0.487411638590942,-0.00540058622879712,0.593295813124993,0
1,211,0,-2.96135347507128,-1.79831585406284,-0.0834546046493733,3.4656195674551,0
1,212,0,-0.948681526521063,-1.33693620062719,0.00327135896973385,1.63933088334824,1
1,213,0,-0.750653811453326,0.00452449603204667,-0.0629692108379976,0.753303881064813,1
1,214,0,-1.73697565012077,-0.511992321076145,-0.0359994737939015,1.8112196189493,0
1,215,0,-0.379818389113425,-3.49463934972342,-0.00383789711806207,3.51522131917726,0
1,216,0,-1.04995091912514,-0.904582366812073,-0.0577562979820631,1.38708398479532,0
1,217,0,-3.11045599278625,-1.20537644061783,-0.0872560008309737,3.33698703268943,0
1,218,0,-0.705841910945526,0.137823058129655,-0.069293975803257,0.722502355485478,1
1,219,0,-0.210103133359822,-2.33701252929975,-0.160242119132376,2.35190314968446,0
1,220,0,0.0176601723084586,0.264423902761087,-0.0148612286626511,0.265429346822714,2
1,221,0,-0.239292610798976,-0.672206988002049,-0.0200173726060717,0.713809416796828,0
1,222,0,-0.197971204770098,-2.6314516138069,-0.202213019140507,2.64662432143948,0
1,223,0,-2.35093320764449,-0.977808175155149,-0.100610369821727,2.54815977142751,0
1,224,0,-1.39132294382232,0.138369042101112,-0.0306661223548693,1.39852276952456,1
1,225,0,-0.194638540105511,0.151075049405188,-0.00626910041069081,0.246469335754256,1
1,226,0,-0.268008982302024,0.147719766995056,0.00021797065926553,0.306022861346744,2
1,227,0,-0.467267782116255,0.0519430038938012,-0.156442461776696,0.49549117015756,1
1,228,0,-0.563200225508026,-3.992816599529,-0.0216696719627463,4.03239983957067,0
1,229,0,-1.49694766764701,0.236381598574653,-0.0091674091587522,1.51552387681924,1
1,230,0,-0.356046931625027,-0.422536296937004,-0.0213273242385858,0.55295677453849,0
1,231,0,-0.803395840052803,0.00411431550296155,-0.130361672506832,0.813913981367187,1
1,232,0,-1.29383400710936,-1.31328957117623,-0.0176861668608483,1.84365092580215,0
1,233,0,-0.404631983510152,-0.974805156679112,0.0000392173942182636,1.05544878469093,1
1,234,0,0.0516453351502031,0.094964058285205,-0.0864860695557591,0.138438626242737,2
1,235,0,-0.592569622421694,0.136581738379801,-0.0119509667344442,0.608223769908514,1
1,236,0,-0.766383268883434,-4.87005670871241,0.0000276795960012588,4.92998941800744,1
1,237,0,-1.0339304685838,-3.745191271452,-0.0435537755740731,3.8855330142714,0
1,238,0,-1.18070308072255,0.0820924780990776,0.00313198825530414,1.18355766616528,2
1,239,0,-1.5796830740705,-0.678753454785878,-0.157560245044349,1.72653702471364,0
1,240,0,-1.83315035421328,-2.45936624702956,-0.0403748925557037,3.06766241462933,0
1,241,0,-1.37356900527687,-0.835688463381697,-0.0260008789153641,1.60802458494605,0
1,242,0,-1.34786230485729,0.248180294970629,-0.248882230786448,1.39293525207318,1
1,243,0,-1.89074814950907,-0.932790201260711,0.0000105810640415069,2.10832305981601,1
1,244,0,0.0135310337464857,-1.27392689474647,0.0000533446320661078,1.27399875387627,2
1,245,0,-1.44510262160831,0.267918324939502,-0.0511782321254578,1.47061926658842,1
1,246,0,-1.0803811656881,-0.748003697927364,-0.0376977334535288,1.31459275610135,0
1,247,0,-0.636395567477178,-0.603412218984054,-0.00915335480310407,0.877034439590607,0
1,248,0,-0.699627091337724,-0.450866704862833,-0.0104874097552988,0.83238743278051,0
1,249,0,-2.28205468251597,-0.820143252677857,0.000428450602532324,2.42495540422417,1
1,250,0,-0.37409736463696,-0.32866177756727,-0.0306641470912131,0.498906496428768,0
1,251,0,-1.14916482456618,-1.72834096307074,-0.0247333978709493,2.07565749092155,0
1,252,0,-1.51680400408177,-0.68238275540116,-0.00635555377571537,1.66324412060622,0
1,253,0,-1.24777013639202,-1.13151599085637,0.0000181427040143242,1.68441644232196,1
1,254,0,-1.78741782939813,-1.37956727875063,0.000548251212598665,2.25789031488005,1
1,255,0,-3.32040790073515,-1.15349863957247,0.000925724307526226,3.51506309982132,1
1,256,0,-5.98978646360665,-1.10458506186948,0.000888544664177199,6.09078408975579,1
1,257,0,-1.00455849616243,-0.876472469551994,-0.00996686347122229,1.33320707336188,0
1,258,0,-0.688844058088409,-0.392701758169002,-0.047250615189728,0.794325769359487,0
1,259,0,-0.173224598207286,0.114122493290231,-0.0858018401994486,0.224483096647534,1
1,260,0,-2.21348700374996,-1.2103295145302,-0.091736799658217,2.52444803668533,0
1,261,0,0.0546334686836933,0.190214830665643,-0.124842133689668,0.233991572604143,2
1,262,0,-0.158335289427853,-0.863284673338928,-0.0109529355141768,0.877753073418988,0
1,263,0,-2.42290693248565,-1.4467534495111,-0.0830733802948272,2.82320292109386,0
1,264,0,-1.44875951441406,-0.5799988425544,-0.00507828094477956,1.56055393271334,0
1,265,0,0.155352609511879,-0.509631130702202,-0.0520766652717269,0.535322614624844,1
1,266,0,-1.24843043635756,-2.34780681644708,-0.0163766602015095,2.65914339530208,0
1,267,0,-2.83925254117419,-2.6148228669011,-0.037441611241492,3.86005900111453,0
1,268,0,-0.147016300828604,0.175339011879518,-0.197671236950506,0.302376387493725,1
1,269,0,0.0559615748501941,-2.1440894316839,0.00164042563889103,2.14482024419637,2
1,270,0,-0.948338427490554,0.167223629692216,-0.0444239268946824,0.96399325758194,1
1,271,0,-2.46341063847119,-1.22618990452611,-0.0771318927733945,2.75279548542525,0
1,272,0,-1.78856259424644,-5.69930750099022,-0.099946321743273,5.97419880918027,0
1,273,0,-1.55546931390897,-0.754403937258833,-0.107925964159966,1.73212531325073,0
1,274,0,-1.67678188892575,-0.900236433001839,-0.0128278175132178,1.90320458470324,0
1,275,0,0.0319968026396668,-0.38358074915801,-0.00531392035691735,0.384949638593598,1
1,276,0,-0.881933645405279,-1.20740761315994,0.00120368089511043,1.49520618914654,1
1,277,0,-1.56704995808682,-4.04119230048044,-0.150081491660842,4.33698111994293,0
1,278,0,-0.771163806249514,-0.686622249693635,-0.0535537867976447,1.03393023842228,0
1,279,0,-1.05056644680078,-1.43999229165313,-0.060654407249561,1.78352084828938,0
1,280,0,-2.44222574178167,-1.2651337343673,-0.0520287872122162,2.75095200509823,0
1,281,0,-0.699598155940684,0.0857456131235421,-0.00593943821521158,0.704858260143023,1
1,282,0,-2.69585331848921,-1.38970179304209,-0.0166025238311796,3.03301365512773,0
1,283,0,-1.16343154936317,0.285255436435711,-0.0103453504035195,1.19793600010379,1
1,284,0,-0.928428786479306,-0.654011568380656,0.00308777307958344,1.13565869762079,1
1,285,0,-0.958489833839063,-1.17919051867413,0.00297496175123658,1.51960583418899,1
1,286,0,-2.64042637637186,-2.01064485832548,-0.0349289689637167,3.31900048632473,0
1,287,0,-1.30051109900911,-0.791761208887855,-0.0154937246048269,1.52264736102867,0
1,288,0,-0.352437087496894,-2.62414155138622,-0.0983944065039181,2.64953057004184,0
1,289,0,-3.23953257154014,-2.30459494621895,-0.095999630426064,3.976800859642,0
1,290,0,-0.98957106759956,-0.750404188995851,-0.0714799305846286,1.24397215610681,0
1,291,0,-0.56937604955025,-1.51562224547397,-0.00424166965240918,1.61904844539576,0
1,292,0,0.0847306899053088,0.125662428780474,-0.0223744543793775,0.153202323832285,2
1,293,0,-0.275262454086211,0.162095945340386,-0.00403661356788974,0.319469573472113,1
1,294,0,-0.505747994069109,-0.275437034471503,-0.222660224243652,0.617433534012866,0
1,295,0,-2.90596288608673,-1.71001087001407,0.00119549078274544,3.37175902164998,1
1,296,0,-0.87700915452515,-0.463466209101292,-0.112134781195295,0.998258580355489,0
1,297,0,0.0898100961161229,-3.07807764718171,-0.0076834296774902,3.07939716349413,1
1,298,0,-0.745940594966966,-0.585393450438479,-0.0275860383698019,0.948616810176205,0
1,299,0,-0.202618828297831,0.121088497069871,-0.134533874323552,0.271691326773475,1
1,300,0,-3.02002847745901,-1.18427770219519,0.00034507589798631,3.24393060956265,1
1,301,0,-1.82058410138125,-0.491060701589791,-0.0298517944948615,1.88588393399027,0
1,302,0,-1.60440179649396,0.272031432837133,0.000273237777943667,1.62730031023882,2
1,303,0,-1.09686746664241,-0.379965856900272,-0.0924917832267007,1.16449432018922,0
1,304,0,-0.53793959394462,0.171123921465459,-0.0726675693009976,0.569159888659711,1
1,305,0,-0.202503020122549,0.0269359591461446,0.00300762674296518,0.204308748888786,2
1,306,0,-0.446023740538505,-0.686842003598873,-0.135264241043953,0.830051522459221,0
1,307,0,-1.98820349912728,-0.686338769281903,0.00305001600734771,2.10333624576742,1
1,308,0,-0.707527021101246,0.00595269673525064,-0.205584433371517,0.736814005995755,1
1,309,0,-0.315436808998462,0.234022880144036,0.00107321646184415,0.392769959003506,2
1,310,0,-1.23657343545728,-1.12148395420985,-0.118975346046357,1.67361741559881,0
1,311,0,-1.72752135841509,-1.46143293177409,-0.118968861195516,2.26589272645205,0
1,312,0,-2.00343910079229,-3.04069799571299,-0.145702493669401,3.64428892218742,0
1,313,0,-1.4698131748584,-0.456817493458897,-0.0526012126534719,1.54006489437621,0
1,314,0,-0.389639766720349,0.165222513603542,0.0000406805712382368,0.423222906358185,2
1,315,0,-1.701066491323,-2.18598213497098,0.000372002258528767,2.76986375850869,1
1,316,0,-0.280062430104697,-0.875451998532626,-0.206279941197813,0.942020477819613,0
1,317,0,-0.985950965241578,-0.465691505236944,-0.0748648264744735,1.09296506172599,0
1,318,0,-1.7131831835584,-2.01275796385108,-0.126620466021156,2.64617157113605,0
1,319,0,-0.486823125799736,0.16537822842843,-0.006475586195587,0.514187366110961,1
1,320,0,-1.96499665499692,-0.54947208078333,-0.201952051737754,2.0503453496693,0
1,321,0,-1.27390550335064,-1.8794686045957,0.00141350874888779,2.27051524221595,1
1,322,0,-2.25664913908393,-0.94933414210189,-0.152863399227689,2.45297123283417,0
1,323,0,-1.62307198255561,-1.81432389328329,0.00253135765592341,2.43436650035841,1
1,324,0,0.116979400943237,-0.656507871077364,-0.0287092696467145,0.667466094416203,1
1,325,0,-1.70157155256801,-1.99057769396646,-0.0773329618393389,2.61987131195644,0
1,326,0,-0.287041165909692,-1.39507085821405,-0.105943887127155,1.42822947651437,0
1,327,0,0.120033490306049,-0.303800562103275,-0.00834270864069933,0.326760495036933,1
1,328,0,-1.39577289882418,-0.918810562084805,0.000689658875654038,1.67104617222865,1
1,329,0,-1.04423927763653,-0.375699741944576,-0.00424271108649855,1.10977653861191,0
1,330,0,-0.385869969062229,-1.33365356374658,0.0000688114579188439,1.38835422924161,1
1,331,0,-2.84121434305431,-1.67704212462569,-0.0235057526251747,3.2993214077069,0
1,332,0,-0.320471144367751,0.0927634982964898,0.000000154702330650679,0.333626768992841,2
1,333,0,-1.78468204252612,-4.2695953025775,-0.00903845687484209,4.62759286610326,0
1,334,0,-0.518862359076796,-0.419936721844083,-0.100634667514991,0.675049875435694,0
1,335,0,-3.03914214672984,-2.43417516831262,-0.094995745765482,3.8949477441646,0
1,336,0,-1.35503693363954,-0.403665829936868,-0.0402767242849945,1.41445869798485,0
1,337,0,-0.182259140392076,-0.405160635948319,-0.0111599516066764,0.444407560352396,0
1,338,0,-2.52436770279672,-2.7290907903938,-0.0129626248106188,3.7175982664588,0
1,339,0,-1.18690599663223,-0.89822562318235,-0.146525726603026,1.49566871450178,0
1,340,0,-0.996946598523407,-1.57192338898348,-0.0198751871431762,1.86151569539573,0
1,341,0,-2.2933694049467,-1.82102998733422,-0.0106066486448689,2.92844770199359,0
1,342,0,-0.535599283168897,-3.11634018158097,-0.0283244795857497,3.16215828123941,0
1,343,0,-0.611612850844066,0.115470221209998,0.00245466715708373,0.622422426246632,2
1,344,0,-1.0224726417438,-1.08466538128058,-0.00449920969688395,1.49062722883724,0
1,345,0,-0.14911693023944,0.00936853643450629,0.0012071580264191,0.14941581438877,2
1,346,0,0.0699015816237436,0.0204495155889685,-0.339101087906084,0.346834199035237,2
1,347,0,-2.01219538436175,-1.22034929616,-0.0212994041410707,2.3534307582977,0
1,348,0,-1.13167959491804,-6.324963575589,-0.167638548681657,6.4275940771867,0
1,349,0,-2.32008713540824,-0.928844468696391,-0.0437619337376499,2.49949424279376,0
1,350,0,-0.989709027471976,-1.43461799146798,-0.0476544990129261,1.74353769439588,0
1,351,0,-0.858573777634177,0.064255589686245,-0.0433791874880398,0.86206697324168,1
1,352,0,-2.53689942152759,-2.0600296841032,-0.0298591421092755,3.26809922473306,0
1,353,0,-0.280091422327667,0.28486750691373,-0.0116605420512447,0.399670701450217,1
1,354,0,-2.61323060631362,-1.34791366738312,0.000688633688045787,2.94038193619619,1
1,355,0,-1.34038433460984,-1.81081713761216,-0.0165352865350812,2.25298963291848,0
1,356,0,-0.877358715039979,0.173811381944296,-0.0683595019711075,0.897018245555644,1
1,357,0,-0.91745342003304,-0.213238349143159,-0.0044148560665868,0.941918713281412,0
1,358,0,-1.87534391837709,-2.50308415883781,-0.0278587285549097,3.12779814361084,0
1,359,0,-1.8599581759756,-1.82721106886348,-0.225985546310299,2.61710033695631,0
1,360,0,-1.9476482506663,-1.3390730899392,-0.0129229476605503,2.36360264238705,0
1,361,0,-2.87965884390965,-1.98645146316915,0.00000000802914756678871,3.49834596242766,1
1,362,0,-0.709866349727412,0.17666796123992,-0.0220338871598873,0.73185196261769,1
1,363,0,-3.31178117526489,-2.58393818522858,0.0029391748726714,4.20055231328812,1
1,364,0,-0.32042062333756,-0.22943609564899,0.000716239037279069,0.394094926185356,1
1,365,0,-0.4900406581413,0.103885619068929,-0.00377786820084987,0.500945446899197,1
1,366,0,-1.29078754463866,-0.632032798231328,-0.0659547841353988,1.43873137763266,0
1,367,0,0.0767631958649297,0.0222944085779187,-0.00399202210745282,0.0800347745279708,2
1,368,0,-2.91368068746079,-2.22313999326904,-0.00436650597924511,3.66495643146391,0
1,369,0,-2.43802162061859,-1.69970798589897,0.00171140820236474,2.97202954037312,1
1,370,0,-0.150860142839992,-1.4705801422341,-0.0735571016578366,1.48012681370052,0
1,371,0,-1.54965129340083,-0.596525457694251,-0.0115391136249699,1.66054054571379,0
1,372,0,-2.44439637386467,-1.29863650638216,-0.0111511522726391,2.76796942838396,0
1,373,0,-0.644731387989004,0.319606823385191,-0.258774600756564,0.764716534546834,1
1,374,0,-1.09121207299683,-1.01098012900439,0.000770297300094675,1.48755678979113,1
1,375,0,-0.296776270303697,0.123009480945497,0.00166668227668233,0.321263544224465,2
1,376,0,-1.52751477800378,-0.873679163113962,-0.045608978962699,1.76031157924996,0
1,377,0,-1.5984231122198,-0.391726131712307,-0.101243849619918,1.64883477796612,0
1,378,0,-0.372302618586839,0.0451413897044276,-0.0231071160429004,0.375740500455945,1
1,379,0,0.124474824066899,-0.372925923790264,-0.0980238501978024,0.40518687252786,1
1,380,0,-1.08149381060877,-1.74794485576315,-0.0742309478953891,2.05680585248083,0
1,381,0,-0.655206130367204,-0.626590635165239,-0.0676041018338323,0.90911012090522,0
1,382,0,-2.13282122129722,-1.97550583307325,0.000148070864049215,2.90715491167003,1
1,383,0,-3.45771805830986,-2.50192594587419,-0.0378862848496939,4.26812405864453,0
1,384,0,0.0102604593516816,-0.554854884671185,-0.0269520735370407,0.555603846582732,1
1,385,0,-1.84916533427821,-0.694982339456583,-0.0859991465841262,1.97732363028059,0
1,386,0,-0.424397787523292,-0.993281680792829,-0.0856023272878658,1.08353575755043,0
1,387,0,-1.41820395671381,-2.10258288184313,-0.01901903735934,2.53624110873563,0
1,388,0,-0.944710810414897,-1.56752937624817,-0.0151554241052724,1.83026133314222,0
1,389,0,-1.73073230182098,-2.37260558565719,0.00171212708547392,2.93678301837868,1
1,390,0,-1.07513554603029,-1.14340137384858,-0.0945065066048885,1.57232777239586,0
1,391,0,-1.90748698181202,-0.835322146873895,-0.017362620650925,2.08244354915954,0
1,392,0,-0.431669875501084,-0.326173231165976,-0.0158365562419195,0.541275026819063,0
1,393,0,-1.76391405988858,-0.95126720894589,0.0000646350581867003,2.00407138537179,1
1,394,0,-0.22034514607865,-0.426842820983984,-0.133290784268783,0.49851099325589,0
1,395,0,-1.56979946474031,-1.18377814483849,-0.0618404533332898,1.96708548298356,0
1,396,0,0.0681679595875193,-1.29797222830387,-0.0571401405531907,1.30101643795338,1
1,397,0,-2.00311605683913,-0.774206816143366,0.000434635759076613,2.14752655868044,1
1,398,0,-0.135058151282242,0.0353001743742605,-0.0696758423680303,0.156017721904676,1
1,399,0,-0.322988406652508,-0.898848356087771,-0.00755351315196838,0.955147597826928,0
1,400,0,-1.25691704700871,-0.884192014139176,-0.0901676476916675,1.53940449058031,0
1,401,0,-1.72329162039655,-0.493334592004398,0.00225836163463551,1.79251726038953,1
1,402,0,-0.162056836462515,0.157822578154094,-0.00701369634807352,0.226317423889338,1
1,403,0,-0.460522100840929,-0.451423636730057,-0.0555093143008274,0.647259753990376,0
1,404,0,-1.48332958460273,-0.464745653899455,-0.108677676979971,1.55822527795242,0
1,405,0,-1.49920133208035,-0.945070233557311,0.000123541237402383,1.77221962401108,1
1,406,0,-0.337465423327196,0.286989198739182,-0.146343653538559,0.466542792319606,1
1,407,0,-1.06998209167596,-0.989561920117514,-0.0423400352016566,1.45804223149907,0
1,408,0,-1.76285993896661,-0.889596367178078,-0.0184772044939503,1.9746894105139,0
1,409,0,0.159295013704527,0.0983399515960911,-0.00380417894725862,0.187243475850321,2
1,410,0,-0.781405715672194,0.159070749212394,-0.0174831741315525,0.797624007360536,1
1,411,0,0.0542335980696932,0.188354628334658,0.00117781076671632,0.196010551789628,3
1,412,0,-0.41547223436778,0.0278299873352894,-0.0170801733839742,0.416753425958881,1
1,413,0,-2.37256035416589,-1.85419351581279,-0.0477009043140328,3.0115364192575,0
1,414,0,-0.160683255918722,-1.73936317112968,0.00167943538244265,1.74677021108048,1
1,415,0,-1.72053349753487,-1.76214116296092,-0.0259632292385484,2.46293546070808,0
1,416,0,-0.583261344515574,-2.70415746707692,-0.068921289020408,2.76720283803595,0
1,417,0,-0.678204927716811,-1.16858909333068,-0.197043373259443,1.3654261180951,0
1,418,0,0.196398436681944,-0.314300412842803,0.00235397080573969,0.370624657332485,2
1,419,0,-1.10826494359726,-1.2288794765275,-0.00444984649365747,1.65481592757955,0
1,420,0,-0.30233601363492,-0.33366364232746,-0.0262323117818477,0.451028408787408,0
1,421,0,-0.960522979100891,-0.679072175072545,-0.287513935670833,1.21095320947737,0
1,422,0,-2.67453380708399,-1.4927522481448,-0.0121897393330168,3.06293796041016,0
1,423,0,0.083930692378391,0.0992801102846114,-0.0166564647651067,0.131066163595765,2
1,424,0,-0.650077289674197,-0.866786257611944,-0.0227371962390951,1.08371392859365,0
1,425,0,-1.98383408345349,-0.691770672010276,-0.00974785425568933,2.1010091275356,0
1,426,0,-1.16679895820298,-1.9223132989391,0.00150976645789222,2.24871307808187,1
1,427,0,-2.61704417161834,-1.36565657251599,-0.00643471594511847,2.95194503265676,0
1,428,0,-0.387113346026839,0.195432973177578,-0.00646349294475879,0.433696398899242,1
1,429,0,-1.15682657883806,0.19835772195689,-0.0234027733332576,1.17394259193787,1
1,430,0,-2.95101341530627,-2.03043336959562,-0.00765388852314039,3.58206622324246,0
1,431,0,-1.33803492279378,-0.475737223537542,0.000261380941358034,1.42009275358864,1
1,432,0,-0.532828822960324,0.295965009824307,-0.00821264147168996,0.609564835844005,1
1,433,0,-0.636114234605532,-0.422348533100783,-0.0143041889545866,0.763691176262902,0
1,434,0,-1.435442179408,0.271232849001229,-0.161874318768799,1.46978393101768,1
1,435,0,-2.05060302163352,-0.657482155939129,-0.0137171012159006,2.15347247406988,0
1,436,0,-0.410313881050531,0.169677279423153,-0.0181110777678312,0.444382573097893,1
1,437,0,-0.313130664255897,-1.34057773426947,-0.18433073484178,1.38894826913162,0
1,438,0,-1.0176917565314,-1.71820233390994,0.000067448745046667,1.99697665888084,1
1,439,0,-0.365651351829352,-0.639306306759287,-0.143791832081422,0.750392934355171,0
1,440,0,-2.6683451245576,-1.87507710142975,-0.128014261569629,3.26379648434483,0
1,441,0,0.0856517339875039,-1.08282913251433,-0.0260114908137914,1.08652277813728,1
1,442,0,-2.96047079324955,-3.04547385248693,0.0000102246355050817,4.24726951157679,1
1,443,0,-1.39683634359722,-0.828846521444692,-0.033970439710494,1.62458989215098,0
1,444,0,-1.01178966933987,-0.483076439928125,-0.00418584956343938,1.1212041308937,0
1,445,0,-0.536953151282503,-0.430757019853066,-0.0113754647358394,0.688476359814091,0
1,446,0,-1.61289670954079,-0.371621957109832,-0.0204782915412442,1.65528185970792,0
1,447,0,-2.47694921733762,-2.44921292245319,-0.0640359621848365,3.48396641333324,0
1,448,0,-1.63283707198287,-0.935513867380552,-0.0387404338898331,1.88224438395254,0
1,449,0,-1.39621792460091,-0.628166752141671,-0.109512413179802,1.53493026881144,0
1,450,0,-1.68206924086284,-0.384796159092834,-0.0142604745662417,1.7255805910604,0
1,451,0,-0.879293793481385,-1.45369464358013,0.000279742156731514,1.69893665870276,1
1,452,0,-1.40150180545201,-0.297710423087816,-0.0682425096165828,1.43439738106954,0
1,453,0,-1.15338612061066,-0.383897284918451,0.00268295183381407,1.21560020846313,1
1,454,0,-0.214771969922965,0.147174694961146,-0.00843438868649806,0.260496696359114,1
1,455,0,-1.17133236247402,0.150477058260419,0.000470981077302868,1.18095853875776,2
1,456,0,0.0228183057831013,0.0848526785190184,-0.136353798720212,0.162212855705382,2
1,457,0,-0.373008215735148,-1.06820924305905,-0.0350745020862531,1.13200544904135,0
1,458,0,-0.63932103561424,-0.647480035245318,-0.0716139997334647,0.912737830692892,0
1,459,0,-1.22018428005315,-0.794665551322882,-0.177781843158811,1.46695241896425,0
1,460,0,-0.928280033142498,0.345494491007754,-0.125652369211693,0.998428155220122,1
1,461,0,-2.11601903921072,-0.894050583529198,0.000904054780018251,2.29714253748569,1
1,462,0,-2.05543735863328,-0.912986200556573,-0.0950611447656876,2.2510893271739,0
1,463,0,-0.559105586910551,0.201644721456875,-0.0625228237056999,0.597635971549694,1
1,464,0,-1.12449794416325,-1.34617852918846,-0.0487522459692896,1.75472762569079,0
1,465,0,-1.43423460076707,0.113944667919784,-0.265823770031181,1.46310442351133,1
1,466,0,-0.646618828078616,0.114893138196689,0.000368969403375139,0.656746890490443,2
1,467,0,0.166249744973922,0.20901492970619,0.00000168505685722817,0.267069688558655,3
1,468,0,-0.994407882734135,0.199741466489245,-0.0638425297344181,1.01627730432296,1
1,469,0,-0.836220514962683,-1.30604155765362,-0.0297944251536784,1.55109542186578,0
1,470,0,-0.410727990927971,-0.569558378878691,0.000737116106714008,0.702207072609501,1
1,471,0,-1.00268153329753,0.28472359657837,-0.0757175696729819,1.04506982255809,1
1,472,0,-0.466865626558219,-0.345869036427754,0.00101433534277021,0.581024898345372,1
1,473,0,-1.76053225577092,-2.18788192408943,-0.0102238416799368,2.80827449945795,0
1,474,0,-0.903230857352636,-0.368237780825053,-0.059686650200206,0.977234639742708,0
1,475,0,-0.300200781589957,0.0607879956253242,-0.00519687168495888,0.306337554267633,1
1,476,0,-0.418945229166241,-3.68907677509689,-0.0808075281023328,3.7136683231272,0
1,477,0,-0.116545830426545,-1.0984649067446,-0.0170714946866545,1.1047621996928,0
1,478,0,-0.769197636851778,-0.286915842025501,-0.0490700402944607,0.822431500976259,0
1,479,0,-0.287822739183712,-0.544973873456939,0.0000648669047756338,0.616310357003345,1
1,480,0,0.11625129489389,0.112490094621969,-0.0203111082511032,0.163036578935384,2
1,481,0,-2.84277314767197,-1.73405256349452,0.000460554234185895,3.32990955946207,1
1,482,0,-2.63677642330035,-1.88950212483591,-0.0204497348875019,3.24395227737539,0
1,483,0,-1.27496289642307,-2.34523761537202,-0.0130196362580452,2.66942678692254,0
1,484,0,0.126301681654144,-0.503429428158715,0.0000013929366078159,0.519031120383755,2
1,485,0,-0.970797572309175,-1.33179025282075,-0.170901214862588,1.65690085073044,0
1,486,0,-0.300143597226833,0.0201875959243109,-0.00544264766260152,0.300870969684757,1
1,487,0,0.0737278033012543,0.274036502214644,-0.027641797054029,0.2851242930198,2
1,488,0,-1.13869746170159,0.165340195280514,-0.0387166230821269,1.15128982726503,1
1,489,0,-3.0816513067079,-1.99078617041506,-0.0708780582412179,3.66944519670077,0
1,490,0,-1.7772572853185,-1.82883862173003,-0.168420048291232,2.55571114862683,0
1,491,0,-1.73889080751074,-0.886692266445301,-0.0872828805316622,1.95386353593417,0
1,492,0,0.0265663509883992,0.0621829579036939,-0.126770025560719,0.143677175080654,2
1,493,0,-0.0931929272389102,-0.212552097275685,0.000298041746196163,0.232084908110225,1
1,494,0,-0.355449202186536,-0.793861602385989,-0.157316818354648,0.883916828901409,0
1,495,0,-0.655090161490353,0.183315458608704,-0.0269060173402044,0.680787493139737,1
1,496,0,-0.845109471522793,-0.248112823914233,0.0000165206658150628,0.880778060876384,1
1,497,0,-0.934192991445433,0.203588092808282,0.003137279579313,0.95612473000244,2
1,498,0,-1.70224359104126,-1.69779579580034,-0.0664409604273395,2.40511085164506,0
1,499,0,-1.19539657801014,-0.802843675949849,-0.0343932415992007,1.44038669870237,0
1,500,0,-1.45043966880767,-3.5601004226806,-0.0870954018977863,3.8452146703992,0
1,501,0,-1.54171350204702,-0.791719999981279,-0.0653518280636697,1.73435058226292,0
1,502,0,-1.39633455766296,0.353108749385597,-0.00804421178275388,1.44031270742144,1
1,503,0,-1.63102744918815,-1.19490833907376,-0.134920296646211,2.02639087178173,0
1,504,0,-0.756233337862909,-0.425834128114115,-0.0413122225819818,0.868867231340122,0
1,505,0,-0.394431153081814,-0.659272114583507,-0.0981456004503826,0.774498685910199,0
1,506,0,0.0349387432183449,0.147331473904447,-0.004584219627363,0.151486943497207,2
1,507,0,-0.696244212188261,0.153255318687816,-0.0548941271648325,0.71502207022507,1
1,508,0,-0.107872894926366,0.106006034206775,0.00117387715889277,0.15124555773849,2
1,509,0,-1.71911114401258,-1.88502964501908,-0.0125518405338633,2.55124233203547,0
1,510,0,-0.135851707473176,-0.661775747369223,0.00014165162723447,0.675575936734468,1
1,511,0,-0.445201583006606,-0.979343720022059,-0.0572897775853928,1.07731178870094,0
1,512,0,-0.439656329605346,-1.02175687668358,-0.050767210526049,1.11349095769873,0
1,513,0,-1.22599242951579,-0.925376907031914,-0.0214415298967682,1.53617694179489,0
1,514,0,0.0445170315827357,0.44390503006788,-0.12007700914384,0.462008582112317,2
1,515,0,-1.26274991983904,-1.20409689728925,-0.0385517230138915,1.74524294396581,0
1,516,0,-2.99458661827699,-2.20684649122652,-0.0322806634961809,3.72004872164844,0
1,517,0,-0.932568942979612,-1.9602274815681,0.00153770538991028,2.17075539327737,1
1,518,0,-1.77056135916829,-1.18009182474026,0.00156642917786274,2.12779385634489,1
1,519,0,-0.589148249854895,-0.340516726256399,0.00094771594996178,0.680476450241287,1
1,520,0,-2.35882084198984,-1.28384008925775,-0.0644425852733419,2.68634212009337,0
1,521,0,0.136168982305414,0.199989096480062,-0.0129843279151283,0.242293671449362,2
1,522,0,-1.05517551199609,-0.929364421655985,0.0000341749075659885,1.40609871293736,1
1,523,0,-2.84120712148454,-1.82258549110422,-0.022445022856894,3.37561543405185,0
1,524,0,-0.610644514038183,0.0788436845704297,-0.0530157084051284,0.617991678309075,1
1,525,0,0.0386760649175922,0.247096079723798,-0.0326696247538497,0.252229290515469,2
1,526,0,-0.322366492805571,-0.517426407961042,-0.0934734893927979,0.616755653852072,0
1,527,0,-0.643612226405294,-1.39651745374321,-0.0159084601514892,1.53777461797631,0
1,528,0,-1.73752411737105,-1.29904226602021,-0.00869393799735541,2.16946455419555,0
1,529,0,-0.310329264879487,0.100619435098284,-0.0724411858276696,0.334179964636211,1
1,530,0,-0.398242107372733,0.0789897835856008,0.000270784679832964,0.406000289802751,2
1,531,0,-0.582079749430357,-0.193791103669896,-0.00962458784496472,0.613566996545356,0
1,532,0,-0.630274816476679,-0.729317197216326,-0.0832401239904605,0.967511672633533,0
1,533,0,-0.85388255918326,0.0486984141600398,0.00274696057797005,0.855274520964745,2
1,534,0,0.0273706375380684,0.036154940435237,-0.00939523960264713,0.0463098482431869,2
1,535,0,-1.79193263066956,-0.462812232630707,-0.0150016913705551,1.85079517134526,0
1,536,0,-2.45891317907982,-1.56271884682295,0.0000289481842015175,2.91347631143726,1
1,537,0,0.0951483260359709,-0.247474910808097,-0.00586232623164582,0.265200683060525,1
1,538,0,-0.119617435707759,-0.555583740042901,0.00117712257998872,0.568315940954436,1
1,539,0,-0.610491355588388,0.113900640613692,-0.0294924266110151,0.621725706729072,1
1,540,0,-3.00209028356415,-2.60944209501866,0.00080415209024338,3.97765443001102,1
1,541,0,-2.91531976661503,-2.61647006040225,-0.0760649008367981,3.9180085231833,0
1,542,0,-0.16376647856069,-3.26757798813739,-0.0474359337887697,3.27202315637812,0
1,543,0,0.198454169306005,-0.677444489972328,0.000528610049755809,0.705914565466239,2
1,544,0,-1.76544076454231,-0.776229879657771,-0.0170370338697107,1.9286275378373,0
1,545,0,-3.14197486395599,-1.02272327557611,-0.0391695806946073,3.30446715828561,0
1,546,0,-0.606171111136198,-0.924340698883122,-0.0547408848711637,1.10672747687238,0
1,547,0,-0.50299006337655,0.0570451248064174,-0.114963676882666,0.519104803601457,1
1,548,0,-0.137786947285586,-0.619072435638554,0.00000401325471562062,0.634220721378479,1
1,549,0,-0.514466846589835,0.118028273568703,-0.068460938328797,0.532253426178317,1
1,550,0,-2.85593944072788,-2.08877687441509,0.000131107081512862,3.53827344016618,1
1,551,0,-1.39617751271171,-1.21739735170165,-0.00619240420983226,1.85240554544677,0
1,552,0,-1.00870201397747,-0.784596196326763,0.00139912251448598,1.27791740806534,1
1,553,0,-1.63033983454408,-0.73622707530458,0.00000115384221391694,1.78886508225581,1
1,554,0,-0.192639201425962,-0.882453364007294,0.00131115818714501,0.903236137845255,1
1,555,0,-0.524803453068733,0.237969789471126,-0.0390242625247426,0.577556212086233,1
1,556,0,-1.8480887370483,-0.532123002402508,-0.131159947617094,1.92763840010246,0
1,557,0,-1.73111119536397,-1.50577022326853,-0.0444339401235659,2.29479069002633,0
1,558,0,0.0535409985724674,0.153904643071216,-0.183203864188793,0.24518754768691,2
1,559,0,-3.03403257720378,-2.42196666655191,-0.00723386379364112,3.88218090024251,0
1,560,0,-0.157029666319575,-2.66303915196621,-0.00626789663201826,2.66767223015451,0
1,561,0,-0.80919083206114,0.0880377853806876,-0.00867604376696382,0.814012117896277,1
1,562,0,0.0172946262271781,0.0967538141655831,0.000377953998112027,0.0982880842276961,3
1,563,0,-0.103551458771911,-3.04915252223097,-0.00433612432020384,3.05091343869593,0
1,564,0,-0.29168554981286,0.237010644173879,-0.0190933776118376,0.376323082589915,1
1,565,0,-1.64635287978284,-1.05050398164048,-0.00388270127052528,1.95295967587171,0
1,566,0,-1.7619649993707,0.379580238622183,0.00139414744055647,1.80238834888793,2
1,567,0,-1.20660901421848,-0.847967704590961,-0.00371463118071035,1.47477738649173,0
1,568,0,-0.66286232104187,0.0947673604130988,-0.131451454968345,0.682383172616365,1
1,569,0,-0.694745448282647,0.291986144687972,0.00062100223526061,0.753609668358214,2
1,570,0,-2.7012864727371,-1.58620403488162,-0.0124363225113791,3.13259421409553,0
1,571,0,-1.60777652617587,0.376396023260263,-0.0208454330247059,1.65137937995068,1
1,572,0,-1.28403488409329,0.192825274702033,-0.0142306620662818,1.29851056286625,1
1,573,0,-0.579505267215316,-0.234421077398193,-0.0322276561199828,0.625953846603576,0
1,574,0,-0.409080015972962,-0.326687827189053,-0.0101312182691901,0.523616307505373,0
1,575,0,0.0829271910429599,-0.397947120154138,-0.0449193640728014,0.408970144047157,1
1,576,0,-2.70603527982292,-1.6195656302024,-0.0879437963301297,3.15489363964812,0
1,577,0,-0.452316813411057,0.185921091109985,-0.180062414106698,0.521133020243193,1
1,578,0,-1.74719266480634,-0.814309070274523,-0.0766334709864634,1.929158925221,0
1,579,0,-0.174511375586876,0.0192522150413602,-0.00803648719759481,0.175753956199283,1
1,580,0,-0.668206423833863,-5.40425418677285,-0.0798406137618669,5.4459928079011,0
1,581,0,-2.70165493117591,-2.39814364965605,-0.00359502510769764,3.61248463743976,0
1,582,0,-1.44940521886194,-2.23517252340653,0.000111158235130555,2.66397667223493,1
1,583,0,-1.91686205914726,-0.996144236680957,-0.0725460842256772,2.16146395491747,0
1,584,0,-1.35556197314744,-0.63146395074106,0.00125751984414578,1.49542521226742,1
1,585,0,-2.1520820325418,-1.47704183351099,0.00225060530833031,2.61019438317436,1
1,586,0,-0.674203587653053,0.116164620893062,-0.0618553503689397,0.686928512380103,1
1,587,0,0.0817183616480883,0.113068264733679,-0.0339766389941804,0.143585288653378,2
1,588,0,-1.54766144874893,-1.1570979766014,-0.0111476127310272,1.93242230288006,0
1,589,0,-2.2987638251251,-2.44827607560322,-0.0518357313201883,3.35872860009802,0
1,590,0,-1.13866350409316,-1.43653292524962,-0.0247606394433267,1.83324698558202,0
1,591,0,-0.587767739405754,-1.18472505459027,0.00136766163848171,1.32251511936856,1
1,592,0,-1.46709232410054,-0.684710374770056,-0.0293548954236693,1.61927449638343,0
1,593,0,-0.333735009975487,0.149917490048951,-0.00365607522416568,0.365879321077265,1
1,594,0,-1.7418619848886,-1.48817104237527,0.000849408039577757,2.29101221019408,1
1,595,0,-1.37707100504198,-1.05360321254636,-0.0217793356382452,1.7340353577353,0
1,596,0,-2.10017356270688,-1.57072715156055,-0.0738788459288313,2.62361789558202,0
1,597,0,-0.761533378597117,-0.397568080320297,-0.0496808907166027,0.860500817030118,0
1,598,0,-2.26021504781693,-2.04014618502618,-0.11312429372757,3.04689442293072,0
1,599,0,-1.03035016120371,-0.385718242415496,0.00000864933467831744,1.10018181102008,1
1,600,0,0.0103247663926058,0.250721363691641,0.00328147988726187,0.250955316984336,3
1,601,0,-1.43320051873694,-1.02591761097489,-0.233790376228115,1.77798442384436,0
1,602,0,-2.861631375269,-3.13059676336992,-0.00568810571409704,4.24141516210012,0
1,603,0,0.0200973390407964,-1.41450548614307,-0.0511544637854083,1.41557283547352,1
1,604,0,-0.814493781969418,-0.786278817633509,0.0000627110117033442,1.13209297491799,1
1,605,0,-0.44295033971717,-3.31044734051811,-0.100824003814186,3.34147154372802,0
1,606,0,-1.74383318844829,-1.90914062791493,-0.201089421031131,2.59349360545573,0
1,607,0,-0.838897369827338,-4.0838090164468,-0.0253979262139455,4.16915937984762,0
1,608,0,-0.584045641109397,-1.13909242265351,-0.00791751336092621,1.28011856687705,0
1,609,0,-0.207857296362502,-0.408256514296602,0.00190395430085301,0.458128434130343,1
1,610,0,0.0199677370010729,0.230729363581388,-0.0729135069838117,0.24279853632239,2
1,611,0,0.0629626048569359,-1.41247826336952,-0.105887336739354,1.41784035144423,1
1,612,0,-0.410550017494358,-0.374400676635505,0.00271641579217579,0.5556388777295,1
1,613,0,-0.200263459553634,-0.737314865994537,-0.00400651241855311,0.764038426383577,0
1,614,0,-1.91380503591213,-0.986495726438841,-0.0296878388787527,2.15330093148682,0
1,615,0,-1.2381541998517,0.35296489428188,-0.0267660775834819,1.28776025024654,1
1,616,0,-0.850371509316186,-1.45476545308467,-0.144466417700406,1.69125538378701,0
1,617,0,-1.34720611975127,-1.630962531683,-0.0340891807203769,2.11569496409366,0
1,618,0,-1.36664657922348,-0.430328183619405,0.00288163802747764,1.43279919107952,1
1,619,0,-3.11190089910666,-2.46059290790799,0.000398055110530141,3.9671708839872,1
1,620,0,-0.177102790735474,0.467209316411943,-0.0531841370764689,0.502472383584389,1
1,621,0,-1.33362310178056,-2.12766237823947,0.000994381283451092,2.51107522033343,1
1,622,0,-0.587360013592675,0.313941327854966,-0.00433811761350049,0.666010331877333,1
1,623,0,-2.57882221089851,-1.75412607686418,-0.0103280621638013,3.118876233169,0
1,624,0,-2.05707075798368,-1.41731329366477,-0.0220318268966711,2.49815981817554,0
1,625,0,-0.429912041048103,-0.7260584100149,-0.167071164594529,0.860173210365496,0
1,626,0,-0.923956652694768,-1.63052883568745,-0.0295609658161743,1.87435162943541,0
1,627,0,-1.783222473054,-0.653860986015263,-0.00452731549290408,1.89932542604559,0
1,628,0,0.0304843470212175,-0.930515145970615,0.00102983232168942,0.931014926222258,2
1,629,0,-0.549836767749822,-1.82066472037146,0.000962269815489286,1.90187839283642,1
1,630,0,-0.965674623201144,-0.662243747724713,-0.232032558561666,1.19370572903368,0
1,631,0,-1.64768568595045,-5.03274019683203,0.00178927332354059,5.29559677562349,1
1,632,0,-0.476773218088986,0.00466075007163225,-0.0179250745634055,0.477132824668626,1
1,633,0,-1.32028008789467,-0.366792521126536,-0.0104794251154688,1.37032334957712,0
1,634,0,-0.815977206695528,-1.04348299655617,0.00193518897106634,1.32464308812028,1
1,635,0,0.18992951523876,-1.15845478044102,-0.0354650822507052,1.1744566706118,1
1,636,0,0.0263659829065494,0.055394714314676,-0.00985461990565777,0.0621357623443859,2
1,637,0,-2.16334099475634,-1.14593213580383,-0.00384980990042903,2.44810529603969,0
1,638,0,-1.96346944585838,-1.73152376297703,-0.186462455223998,2.62452949188645,0
1,639,0,-0.70494369879813,-2.34131276217811,-0.0144882800635348,2.44517913026275,0
1,640,0,-0.784145336142453,-0.278641140121104,-0.142755562952187,0.844336392627811,0
1,641,0,-0.407432984263883,0.358725632103544,-0.0585931171924531,0.546002627444767,1
1,642,0,-0.275318677839506,0.0942038233927467,-0.0234591277308771,0.291933323522683,1
1,643,0,-1.73852242976898,-1.26403097669821,0.00121696062949704,2.14947343083268,1
1,644,0,-0.786609040823495,-0.427402209249068,-0.0350740478921158,0.895911056083014,0
1,645,0,-0.446260615525044,0.0621464952659524,-0.0543780931332911,0.453836645562526,1
1,646,0,-0.709733950190249,0.254756142562411,-0.119235421788894,0.763439623045012,1
1,647,0,-1.78975444511259,-0.578248177924252,-0.0045104597842204,1.88085413398287,0
1,648,0,0.0521916604402208,-0.603441464327001,-0.01809644019438,0.605964562855231,1
1,649,0,0.0425846151541885,-0.842229494284295,0.000108853561752411,0.843305390910853,2
1,650,0,0.0654731802901256,0.0113760756472494,0.000409251918656086,0.066455397986681,3
1,651,0,-0.722096191893401,-4.00168698423357,-0.26214354764492,4.07475654115717,0
1,652,0,-0.288994044335073,0.291606937056582,0.000456593954338336,0.410551302371217,2
1,653,0,-2.12160177388588,-0.844545747803469,-0.00729139274690989,2.28352901700347,0
1,654,0,-0.172933745440356,0.17008797859702,-0.0149497294111275,0.243021594070807,1
1,655,0,-0.524005402942794,-0.790183685362493,-0.177872852212919,0.964681642035677,0
1,656,0,-1.41180851648681,-0.496104109243649,-0.0429462454934059,1.49705275606275,0
1,657,0,-0.319114058094451,0.29731005400009,-0.118956185162425,0.452081435442158,1
1,658,0,-0.114305486108706,-0.59810339477494,0.000590323062829225,0.608928373026889,1
1,659,0,-0.627498723851572,0.150487702933219,-0.033321462444043,0.646151311249059,1
1,660,0,-0.301236240862232,-1.26593726265313,-0.101790412513036,1.3052592515903,0
1,661,0,-2.14351380211841,-0.941130092733659,-0.0480834002971234,2.34151431443524,0
1,662,0,-2.39326721011518,-2.67656222560957,0.00194012887755402,3.59050373216247,1
1,663,0,0.114377717565415,-0.333514039690693,0.00104596663940989,0.352583282349702,2
1,664,0,-0.437563813653604,-3.1788137014025,-0.150706439790888,3.21232486997156,0
1,665,0,-0.311664677423263,-0.408549259639373,-0.0276878696791734,0.514600803373447,0
1,666,0,0.105309228920518,0.126304823084838,-0.00360661656339474,0.164486928700616,2
1,667,0,-2.60624011478455,-2.36822083013361,-0.044765790068109,3.5217838394983,0
1,668,0,-0.474676875594291,-0.980977400586813,-0.0698805182503286,1.09202476323431,0
1,669,0,-1.52416979750808,-0.346599131588152,-0.0783316810439329,1.56504325240827,0
1,670,0,-2.02647597891868,-1.08303058665829,0.000617998254600026,2.29772942852148,1
1,671,0,-1.19300354622102,-1.21769682505058,0.00194455617376628,1.70471311379156,1
1,672,0,-1.20108654972414,0.324670407809767,-0.0955523023607494,1.24785817147705,1
1,673,0,0.00831923118302795,0.178312894948379,-0.214364342737006,0.278956572873659,2
1,674,0,-1.7380803300017,-0.748609508298491,-0.00602810673303013,1.89245231578618,0
1,675,0,-0.35114839763411,0.286600254410745,-0.155040312349483,0.479043214587924,1
1,676,0,-1.6084295790413,-1.5103980954285,-0.108807226856145,2.2091145579225,0
1,677,0,-0.586525483432831,-1.01194507511631,-0.302189963412125,1.20804128727262,0
1,678,0,-1.98147770977687,-0.833330859397244,0.000451251490648401,2.14958006112688,1
1,679,0,-0.549561075598627,0.250832772093905,-0.00648202917868883,0.604132826513927,1
1,680,0,-0.800630030164389,0.114349878614189,-0.0191031061037567,0.808980388268419,1
1,681,0,-0.982245072846841,-1.37226756302921,0.0012256253613415,1.68757967214338,1
1,682,0,0.127868724787179,0.124947951866041,-0.126766491179557,0.219162370721332,2
1,683,0,-1.79666415983235,-1.00056465674849,-0.0224371042838961,2.05660768237623,0
1,684,0,0.177255850018845,-0.490753575762199,0.00341434602511145,0.521795329845014,2
1,685,0,0.0142980512602471,-0.529884173165627,-0.00534461615880304,0.530103986179264,1
1,686,0,-2.54988861367635,-1.24775148527242,-0.157474865985539,2.84316971786297,0
1,687,0,-0.302012940685567,0.164361112045485,0.0000615953233295412,0.343840653920324,2
1,688,0,-0.125464061985965,0.124182300701758,-0.00710654772468992,0.176671949324626,1
1,689,0,-1.67126634344221,-1.92893157450996,-0.0831487170565239,2.55359000605272,0
1,690,0,-1.41314124173525,-1.7773841029927,-0.0226448658145731,2.27080937302363,0
1,691,0,-0.24525884426499,-1.67303528764783,-0.0440563731178767,1.69149044881056,0
1,692,0,-2.1432086802665,-1.92967764771045,-0.0366611422811172,2.8841538292186,0
1,693,0,-0.803942182386274,-0.524180591663711,-0.0678202405510742,0.962126764166411,0
1,694,0,-1.85420251094371,-0.721789186415633,-0.00857775945958606,1.9897537936071,0
1,695,0,-0.377101031951813,-0.280180668162261,-0.197905992862699,0.509777576127024,0
1,696,0,-3.16129050525251,-2.22412659333015,-0.00615608378802573,3.865298780059,0
1,697,0,-0.706691639494219,0.189090628811979,-0.129064448177696,0.742849898040613,1
1,698,0,-0.73366081761471,-0.728703999744135,-0.0612258418251047,1.03586500966747,0
1,699,0,-1.35906868465147,0.197408141780669,-0.0766282641194906,1.3754670315582,1
1,700,0,-0.422967229381695,0.213432920764258,-0.0185910379556071,0.474131327259713,1
1,701,0,-2.0618270260253,-0.899581098050322,0.0000051119549750236,2.24952813657529,1
1,702,0,-1.211241061444,-0.273615198933824,-0.00386984630790117,1.24176695145507,0
1,703,0,-0.516668133644261,0.0847273259914199,0.00000152760322203411,0.523569174126431,2
1,704,0,-0.24012083138132,-0.63780626397459,-0.189863305850692,0.707462309198896,0
1,705,0,-0.858095427766465,0.207382635401271,-0.00761450326937103,0.882832544302559,1
1,706,0,-1.50843469943457,0.286186335132078,-0.0284152763363795,1.53560583770832,1
1,707,0,-0.155660509181034,0.0491082248304339,-0.0148278538902444,0.163895323653501,1
1,708,0,-1.12772829383787,-1.70931949983416,-0.0364174732516165,2.04813829845394,0
1,709,0,-2.87336699231088,-0.391613233395191,-0.0497489744920698,2.90035752236426,0
1,710,0,-0.560848351468573,-1.24476875126649,-0.0402129698870934,1.36587598281165,0
1,711,0,-0.854685755337234,-0.623472636564108,-0.0761166696777826,1.06065999091293,0
1,712,0,0.0475661758941828,0.230188619281177,-0.12396425127798,0.265737609552508,2
1,713,0,-2.11070223469741,-2.3046549161874,-0.146629065504868,3.12857767829316,0
1,714,0,-0.625918130201954,-1.0008985196129,-0.0395520221559355,1.18115863233328,0
1,715,0,-2.49551175196073,-1.58292038632713,-0.0479818764567257,2.95559099235541,0
1,716,0,-1.50429956411085,0.250260240148409,-0.077113301508126,1.52692299336041,1
1,717,0,-0.152413422190469,-1.75701691135241,-0.0246887963300978,1.76378791658929,0
1,718,0,0.132847867131223,0.136557147433702,-0.0201987169900245,0.191583920214062,2
1,719,0,-1.43670228699249,-0.450576340731781,-0.0209889113529249,1.50584628520858,0
1,720,0,-1.83311801521816,-0.923762278674319,-0.0595581547873518,2.05358359435905,0
1,721,0,-1.24851625588401,-0.742566077227642,-0.00933679951758556,1.45268179450322,0
1,722,0,0.142608677934529,-0.51854885294509,-0.00505360055484417,0.537824959249262,1
1,723,0,-0.516912893724761,-0.35814176854348,-0.108367138098789,0.638128437459169,0
1,724,0,-0.221318135526186,0.222317964062803,-0.185416889317149,0.364398706229681,1
1,725,0,-0.477614991603045,-0.436590649428112,-0.128837467178329,0.659792822271479,0
1,726,0,-2.09787484361013,-1.55272564335671,-0.0179899118357228,2.61004969682909,0
1,727,0,-0.856337399664784,-0.402345842814725,0.00000860219085450207,0.946147937359128,1
1,728,0,0.0383874682317663,-0.357250594565343,-0.010704321936061,0.359466504062126,1
1,729,0,0.150165076809458,-0.85310102942543,-0.00505348061869157,0.866231178361921,1
1,730,0,0.030570690584815,-1.43825410738571,-0.03269932220813,1.43895055168951,1
1,731,0,-0.431800013769557,-0.355499055417587,-0.0278535971080818,0.56000594029532,0
1,732,0,-0.26926330627249,-0.901874152345691,0.000742220552559863,0.941212125753488,1
1,733,0,-0.309662041991567,0.142650110917508,0.00161723080109574,0.34094317683542,2
1,734,0,0.0578078948699847,0.0114394333382909,-0.20645597257532,0.214701378561997,2
1,735,0,-3.3238035319838,-1.02312412026246,-0.236892634565705,3.4857669177675,0
1,736,0,-1.59721788341384,-1.24809519661029,-0.0143508189174262,2.02707980427567,0
1,737,0,-0.892028595388173,0.226545889122351,-0.0239768812847051,0.920658973618665,1
1,738,0,-0.399021607072598,-0.309764400999707,-0.0101930398621536,0.505248577533018,0
1,739,0,-1.07837793617722,0.11749039414843,-0.00936113440275353,1.08479979571731,1
1,740,0,-1.64572227406806,-0.634339301268335,-0.0338983834903424,1.76406838101605,0
1,741,0,-1.29724389259407,-0.782303715753952,0.00337754268777298,1.51487696805703,1
1,742,0,-1.58114502875661,-0.638178229856227,-0.0354262166989388,1.70544600379308,0
1,743,0,-0.531493933036918,-0.782674334296327,-0.00607872908926775,0.946098232409611,0
1,744,0,-0.431037249660905,0.215128785802171,-0.00860532922821022,0.481816932835573,1
1,745,0,-0.561583056716898,0.383182386447667,-0.0824493513799166,0.68483732843515,1
1,746,0,-0.265092138368156,-1.98765525514979,0.00126925467265069,2.0052553119632,1
1,747,0,-0.421074891903031,-0.427706825934863,-0.10221663294573,0.608839415275642,0
1,748,0,-0.819491412043568,-0.30088178894316,-0.0231927825789764,0.873289144839528,0
1,749,0,-0.188510833093946,0.0273399822433383,0.0000069389275249271,0.190483093399358,2
1,750,0,-1.3357162911677,-3.19495760715499,-0.0131685814343744,3.46295618417926,0
1,751,0,-1.23247683267459,-1.05819528158101,0.000131267126291129,1.62443110480898,1
1,752,0,-0.383362829292219,-0.399283717770586,-0.00620744519832773,0.553563978719286,0
1,753,0,-0.812340107491997,0.221852114200511,0.000171443633457386,0.842089567806338,2
1,754,0,-0.371614823561773,0.270376682008066,-0.0046583970003658,0.459589847502261,1
1,755,0,0.132471463711678,0.0979236582930535,0.000320012355850928,0.164735648720357,3
1,756,0,-0.563536196773586,0.188332780274262,-0.0746197913610893,0.598840875744671,1
1,757,0,-0.494196284268769,-0.392099225337924,0.00127766180850376,0.630851331389064,1
1,758,0,-0.138554418665248,-0.344267292355731,-0.0976294265286904,0.383730114067078,0
1,759,0,-1.2817062549815,-0.438373428849237,-0.00517790637627255,1.35461027528001,0
1,760,0,-1.42163010026364,-0.792645055160241,-0.0648153086904696,1.62896266061756,0
1,761,0,-0.359049986740911,-0.316260661937164,-0.153924195595215,0.502623474638039,0
1,762,0,-1.98258926295894,-1.11086501758473,-0.102553369119528,2.27490625442266,0
1,763,0,-1.78757717945512,-0.88818846290204,0.00312574005750159,1.99607632328825,1
1,764,0,-0.323414196902842,-0.225578517893812,-0.0457847596556203,0.396961779911117,0
1,765,0,-1.48940914718986,-2.21944980572943,0.000150906116570523,2.67288179137385,1
1,766,0,-1.87208830502383,-2.01120528780183,-0.0040709734877475,2.74766772087059,0
1,767,0,-1.01017869613486,-0.956488428355055,0.00316212577237268,1.39116537864528,1
1,768,0,-0.158606775601557,-2.88607569182656,-0.0699286296800161,2.89127636546004,0
1,769,0,-1.11953985276382,-2.00258696057704,-0.0114134913480834,2.29430910829041,0
1,770,0,-1.19624162756267,-0.446008272940167,-0.0602552650042109,1.27810332446386,0
1,771,0,-1.31499019352428,-0.857245243422268,-0.0600404182164565,1.57088302182395,0
1,772,0,-2.79379775918881,-2.01527090104325,0.0000444160783387255,3.44479647088372,1
1,773,0,-0.312205938294504,-1.1630181763896,0.00190082975084672,1.20419576467977,1
1,774,0,-2.27616218085596,-1.61858593342574,-0.0201634730792549,2.79305232014892,0
1,775,0,-0.879909362359407,-1.13782709299342,-0.0497645582365936,1.43922461442753,0
1,776,0,-0.580607895466623,0.199498450873148,-0.00491999541640458,0.613945735821875,1
1,777,0,-1.29014403967042,-1.0095575874362,-0.0287129887632441,1.63844517795708,0
1,778,0,-0.420199006002887,-0.885103526099213,-0.0410005206861837,0.980640861506196,0
1,779,0,-1.48252416485335,-2.00776388011986,-0.178727866414747,2.50218651341607,0
1,780,0,-0.185227568975039,-0.740436070580284,-0.0433561623563051,0.764483213510304,0
1,781,0,-0.759475429552855,0.299559373016993,-0.180132565059352,0.836054117298449,1
1,782,0,0.0819320765667716,0.171871499746929,-0.0175670149359732,0.191210035326503,2
1,783,0,-2.24455707663359,-1.50537955789366,0.00202369465328393,2.70262986347189,1
1,784,0,-1.48773502776505,0.300483705655399,-0.101642509101314,1.52117624549554,1
1,785,0,-0.912681432367769,-1.06483042585851,-0.0233850782551394,1.4026396881266,0
1,786,0,-1.59820948608692,-1.99510903863534,-0.0338346764842586,2.55653641139637,0
1,787,0,-1.32719811373993,-5.9190872575616,-0.0400359486265065,6.06618922165517,0
1,788,0,0.0351862628491721,0.1804121930696,-0.0229331693604163,0.185236504929205,2
1,789,0,-1.23121158362055,-0.735709692894085,-0.00458077436611622,1.43428438580134,0
1,790,0,-0.580471152141708,-0.343135755718293,-0.00631207132095299,0.674335782504122,0
1,791,0,-6.09567242513988,-1.33954609421261,-0.0487798176737682,6.24131280451022,0
1,792,0,-1.53535247906414,-1.77814992357667,-0.0466450503085797,2.34974469813263,0
1,793,0,0.0343245759958738,-1.14907650512043,0.000076120375005579,1.14958905567659,2
1,794,0,-0.773538535625436,0.0903273967319174,-0.129026801084945,0.789410425631765,1
1,795,0,-2.20657909608578,-0.993402662565359,0.000347079781515406,2.41988435214145,1
1,796,0,-2.75709478040247,-0.468779925979431,-0.0118193858567595,2.79668838897112,0
1,797,0,-0.439405322588707,-0.810189053949818,-0.00440494011633091,0.921684731433051,0
1,798,0,0.0781943041643941,0.0803068276729888,0.00207524571022563,0.112106388842968,3
1,799,0,-1.20964678278782,-1.99743711573463,0.000000236896494667683,2.33516602630804,1
1,800,0,-0.344128663376302,-1.44650485282612,-0.186894429767079,1.4985761088729,0
1,801,0,-1.11652036457508,-1.27742236006256,-0.0436256871880215,1.69715314897664,0
1,802,0,-0.35167124461461,-0.660129014272898,-0.184287908427499,0.77032786069717,0
1,803,0,-2.14261250466927,-1.17234918602036,-0.13634262801016,2.44617666396776,0
1,804,0,-1.21076804946049,-0.232841412471726,-0.162919780675513,1.24367087603254,0
1,805,0,-1.95445957541526,-1.1511000990726,-0.0497953537455642,2.26879334609214,0
1,806,0,-2.30082153754754,-2.94888899635025,-0.0405585759391333,3.74050411823332,0
1,807,0,-1.44030357011925,-1.33245101987733,0.0000491422242516994,1.9621162291988,1
1,808,0,-2.10003326668523,-2.57354966289345,-0.0669588196852812,3.32231561897681,0
1,809,0,0.0877864141298426,-0.667096829243548,-0.0739389043507014,0.676898512089629,1
1,810,0,-0.672208001499015,-2.63613978450095,-0.106854125428065,2.72259331609203,0
1,811,0,-2.66042863152646,-1.26474310332453,0.000121718963288564,2.94575213411927,1
1,812,0,0.090784724602709,-1.58705625197712,-0.0400854100144587,1.59015604682588,1
1,813,0,-0.463389420850297,0.155520769066081,-0.0856613869610225,0.496240202102737,1
1,814,0,-1.12565857184068,-0.366636341991202,-0.0689695315459756,1.18586939580578,0
1,815,0,-2.05288568800003,-1.65300794185407,-0.0243032035120968,2.63578556592317,0
1,816,0,-3.21059265623148,-5.95279802546268,-0.0061003478449837,6.76341235992925,0
1,817,0,-0.335437348518645,0.151005908939031,-0.00579704025829157,0.367905701221765,1
1,818,0,-0.636825174025319,-0.472046246722962,0.00240890812027495,0.792704083599893,1
1,819,0,0.0840584101363998,-0.474812051245272,-0.0791162248629116,0.488642688842226,1
1,820,0,-0.929734362561325,0.0714961886364995,-0.122712370133556,0.940519014002723,1
1,821,0,-1.78779799003608,-2.24281020178746,-0.00422044464795379,2.86817661007338,0
1,822,0,-0.707457212504405,-1.75701841126601,-0.00488923033739612,1.89410488348073,0
1,823,0,-0.49639923588773,-0.747293952483918,-0.00848655710630756,0.897180290945179,0
1,824,0,-2.98495260353508,-1.23941134826279,-0.18931766416762,3.2375799161595,0
1,825,0,-1.96364922666785,-0.601640588186045,-0.007508811933726,2.0537638776166,0
1,826,0,-3.13253025194371,-1.94283477335577,-0.103923367219233,3.68756732849138,0
1,827,0,-1.44412276875413,-0.364417569904999,-0.00684092067232709,1.48940845126017,0
1,828,0,-2.13903303668537,-1.02684303868177,0.0014104256298445,2.37273490879641,1
1,829,0,-1.65888963775963,-1.49836212544537,-0.0206898303295154,2.23549367217054,0
1,830,0,-1.28157783036087,-3.82891203832132,-0.0437852538806289,4.03793589361345,0
1,831,0,-0.393029402668652,-1.33271637009602,-0.0102043895573153,1.38949960922996,0
1,832,0,-0.660107125108948,0.238701794821484,-0.0116026858753891,0.702036028840487,1
1,833,0,-3.04185018648765,-2.1003572352166,-0.0114086553952425,3.69655017955656,0
1,834,0,-2.5568764924608,-1.5186268169889,-0.012278371372074,2.97388560058722,0
1,835,0,-0.61671387946129,-0.393743735201735,0.000264639955479957,0.731689967243719,1
1,836,0,-2.01358128861332,-1.8018965623723,-0.0994356514228437,2.70392830454446,0
1,837,0,-0.323216906460315,0.141402480097972,-0.127038050607372,0.374969993868516,1
1,838,0,0.0547562497151651,-0.62386906755408,0.00266204797739173,0.626273060919197,2
1,839,0,-0.791885237605312,-1.14062063629546,0.00118741185629446,1.388560072675,1
1,840,0,-0.893256258674314,0.228127400772921,-0.0914948422742905,0.926455698243062,1
1,841,0,-2.56077696173204,-1.87276685603481,0.00000901146524329417,3.17251230807404,1
1,842,0,-0.493376875067124,-0.596796055975512,-0.176360076518776,0.794159398275079,0
1,843,0,0.150950326752529,-0.348008521217144,-0.0445458280482355,0.381942748043397,1
1,844,0,-3.12611696667658,-2.50874380393318,-0.129828347375608,4.0103937665644,0
1,845,0,-0.777162093571377,0.146548471261007,-0.0444585382652406,0.792107275397636,1
1,846,0,-0.911490369551934,-0.499326345803358,-0.0046069344968276,1.03930876896364,0
1,847,0,-0.978225685951646,-0.545660960688098,-0.0566023075258353,1.12155035459487,0
1,848,0,-0.287199658941515,-0.406680858540472,-0.00659704095016834,0.497912126533022,0
1,849,0,-0.940658589839924,-1.20023303937446,-0.0227967938633236,1.52509593968909,0
1,850,0,-1.03926940271736,-0.897303782800975,-0.0123640912534571,1.37309425780096,0
1,851,0,-2.19808493894761,-0.847531904737995,-0.0722709803264934,2.35692826003985,0
1,852,0,-2.87887670908133,-1.63169556217235,-0.0207169046601733,3.30919789433068,0
1,853,0,0.0392665806579657,-0.36814869699341,-0.00855040115083935,0.37033557324993,1
1,854,0,-0.292010167741325,0.318500701738955,0.0000000821677754255297,0.432102574711758,2
1,855,0,-1.36915992934794,-1.47037318263805,0.00336182753061503,2.00913103361567,1
1,856,0,-1.470415274464,0.169825018501174,0.000737651443837972,1.48018990687534,2
1,857,0,-0.464982144687176,0.125830252318856,-0.222854335309551,0.530759552003329,1
1,858,0,-1.27470560662967,-0.783182611223889,0.00239236001796197,1.49607991413662,1
1,859,0,0.127241534896585,-0.446162569897697,-0.00615624557213904,0.46399283005247,1
1,860,0,-1.77894582597043,-0.483925731657215,-0.0364221509847168,1.84395198922856,0
1,861,0,-2.24317628602965,-2.08405289327244,-0.0052049400183032,3.0618855960933,0
1,862,0,-1.06579987127258,0.219507942496744,-0.046895860700199,1.08917965651889,1
1,863,0,-1.31558423931059,-0.451688280573114,-0.0490901567343475,1.39183118122052,0
1,864,0,-1.01260158917829,-0.852468283061919,-0.0152620386695095,1.32374358614396,0
1,865,0,-0.236086678976327,-2.28824384942713,-0.0947712993374643,2.30234194541325,0
1,866,0,-1.02030640309359,-0.90352077780734,-0.00656868250956527,1.36287127041158,0
1,867,0,-2.45699710985819,-1.51100866710443,-0.0223400340779973,2.88452440915982,0
1,868,0,0.0916504688794068,-0.903749356558031,-0.0310721746583802,0.908915941087442,1
1,869,0,-0.22395231296484,0.0144666967754998,-0.0226685432937988,0.225561048616463,1
1,870,0,-1.00945049615675,0.216891796771502,-0.186330456206876,1.04916700034272,1
1,871,0,-2.14900528120479,-1.41729289379695,-0.0086669385209009,2.57429950885221,0
1,872,0,-1.05203507712571,-0.448434283305738,-0.00478921186583873,1.1436319541256,0
1,873,0,-0.184457056741717,0.0867131285205053,-0.0126630153981981,0.204215387271885,1
1,874,0,-0.455298597224281,0.344214261540968,-0.0044281071760061,0.570788821382965,1
1,875,0,-1.23435577450034,-0.967400053166132,0.000429636522780004,1.56827842728762,1
1,876,0,-2.68361345987952,-1.93293168826873,0.00211689108921281,3.3072663326058,1
1,877,0,-0.364576515915283,-0.276882496953763,-0.0238038990101478,0.458417472053981,0
1,878,0,-1.62055494075408,-2.18218969988113,-0.0114510401379185,2.71813931368317,0
1,879,0,-0.157968327120093,0.28583445563551,-0.031459960373138,0.328093062267779,1
1,880,0,-0.498560635398473,-1.7344120494048,-0.170286369030948,1.81266249251404,0
1,881,0,0.137578899539514,-0.592503969647631,-0.156106126187442,0.627979323130909,1
1,882,0,-1.75875784960682,-2.31646297188691,0.0001406329282704,2.90847552739478,1
1,883,0,0.110891932168312,0.34774309156844,-0.259211942176208,0.447675227503556,2
1,884,0,-0.709322595731788,-0.459614756426632,-0.0174412289672408,0.845392492046553,0
1,885,0,-0.753242097269978,-1.84806926702008,-0.00779769762102026,1.99569398377908,0
1,886,0,-1.42265267833602,-0.628797411717445,-0.00840523231057958,1.55544124803523,0
1,887,0,0.0906279178930795,0.197390326193541,-0.00353645876889307,0.217229986229,2
1,888,0,-0.762763607922644,-0.837451669728941,-0.0112142972013397,1.13281039065003,0
1,889,0,-0.201161710437457,0.0729841090553789,-0.0149537094069485,0.214514165839364,1
1,890,0,-0.463847660392234,-0.947427549041688,0.00000403571526230536,1.05488085239556,1
1,891,0,-2.17893919730191,-1.69456480495553,-0.125594870870767,2.76316846669212,0
1,892,0,-0.354332530661989,0.17313799942785,0.00000149672176564075,0.394370776216301,2
1,893,0,-1.66461883641999,-0.63586600214918,-0.0269064801021031,1.78213506837302,0
1,894,0,-2.25619956989065,-0.288947707679278,-0.00518364661097706,2.27463274994889,0
1,895,0,-0.388306531171838,-0.34169304119344,-0.00929875786278064,0.517322494628369,0
1,896,0,-0.291573244742621,-3.91752520920443,0.00293068418367346,3.92836191188029,1
1,897,0,-1.16332522754272,-2.55355934427885,0.00242736524541406,2.80606429040625,1
1,898,0,-0.579400246564485,-0.44016629865237,-0.0112976323209685,0.727721548866304,0
1,899,0,-0.236292691734892,0.164945636065679,-0.0397862986988585,0.290902472640895,1
1,900,0,-1.36702125043032,-0.402336828597067,-0.0152617442658902,1.42508067968507,0
1,901,0,-0.269101224828467,0.0877845584753498,-0.00664022449961701,0.28313546314847,1
1,902,0,-2.06607465676877,-1.88727578651866,-0.0147847979420463,2.79833753717667,0
1,903,0,-2.54254517649556,-3.01911020327617,0.00146888215750662,3.9470957109832,1
1,904,0,-2.42481607382144,-2.76960755742576,-0.109571143783207,3.68272519332663,0
1,905,0,-0.809252695880028,-0.354238392742455,-0.00593386347073062,0.88340815901685,0
1,906,0,-0.678390825614072,-1.17683289622026,0.000192834926985868,1.35836291729744,1
1,907,0,-0.568541438038364,-0.634881551515918,-0.00566506982307961,0.852259376151469,0
1,908,0,-0.58546590428074,-0.548899441722457,-0.00687920631484726,0.80256354619308,0
1,909,0,-1.00357376741305,-0.333166092879506,-0.127659465023002,1.06510886349433,0
1,910,0,-2.87012563521233,-1.62181750205857,-0.103612615280647,3.29827966460271,0
1,911,0,-1.5788887698439,-0.936850518977853,-0.0369425998370787,1.83628521698863,0
1,912,0,-0.809712812053494,0.071263001785694,-0.0506331950798069,0.814418181201202,1
1,913,0,-3.58891988020327,-1.69576094525857,0.000444985931222863,3.96937668759152,1
1,914,0,0.180026135323529,0.220055615014567,-0.04404448960747,0.287704362434336,2
1,915,0,-0.360995036590554,-0.652837321497186,-0.0247483368629117,0.746409046676228,0
1,916,0,-0.294822767382331,-0.286546151747754,-0.138044041164512,0.433688042894259,0
1,917,0,-1.31241136211182,-1.70287352894584,-0.0924363724759816,2.15191689475713,0
1,918,0,-1.64577858336761,-1.80948850694795,-0.171682798764746,2.45200138369454,0
1,919,0,-2.27762756943675,-1.43081422881025,-0.120464949931673,2.69245770748331,0
1,920,0,-0.363056612334601,0.196829559303101,0.0000482087204923653,0.412979395974437,2
1,921,0,-0.802839200002877,-1.45078437782436,-0.0760545892829874,1.65985252132575,0
1,922,0,-2.94776647895972,-1.76949215257982,-0.185582498865441,3.44309026259918,0
1,923,0,-0.912033991917789,-0.65269343427889,-0.137397660852326,1.12990833202166,0
1,924,0,-2.97246860214667,-1.77145295352396,-0.0145190320137344,3.46032165550937,0
1,925,0,-1.73831558488708,-1.48978936370854,-0.0696308990340483,2.29042831867332,0
1,926,0,0.00891307544294018,0.0133626159424752,0.00211685349564467,0.0162013421480956,3
1,927,0,-1.09737828119017,-0.899023178626347,-0.00631557888516945,1.41863372801861,0
1,928,0,-3.09502990398931,-2.60456145972083,-0.120536365335846,4.04690987290545,0
1,929,0,-2.27677583291127,-2.3332450651298,-0.0394082948777649,3.2602597658755,0
1,930,0,-0.140477166507005,-0.456045116359376,-0.058981582854923,0.480822014451445,0
1,931,0,-1.2016410859045,-2.35407679670368,0.000661138313303708,2.64303221721118,1
1,932,0,-0.785183006830344,-0.218660134041608,-0.0813289697419787,0.819108667853983,0
1,933,0,-0.391743533423375,-2.91531145030197,0.00290549514426707,2.9415153051009,1
1,934,0,-0.365849547622021,-0.9304798215886,-0.0117829360690319,0.999888707537593,0
1,935,0,0.0668257552163361,0.0906741140707406,-0.00967879164349093,0.113053772738575,2
1,936,0,-3.41318532546999,-0.888083356976959,0.000822621994125286,3.52682956657252,1
1,937,0,-0.396028022378825,-2.54992572989472,0.000734522826375728,2.58049606897825,1
1,938,0,-1.86164009749139,-0.588002696360073,-0.0492734557070276,1.95291548638229,0
1,939,0,-0.74381307560691,0.173708645171809,0.00174579491499632,0.763829583513967,2
1,940,0,-0.251510377577983,-0.380242138599785,-0.00467214997285685,0.45592036912352,0
1,941,0,-1.08182879368732,-0.746718748602097,-0.0318778780960321,1.31489871377105,0
1,942,0,-0.384947197222403,-0.766711107951075,-0.132201520803361,0.868048103395008,0
1,943,0,-1.16995445643163,-0.676824093795485,-0.0342101675495478,1.35205570137849,0
1,944,0,0.0677583318219873,-0.518716801542986,-0.176204130911926,0.552001999529631,1
1,945,0,-1.83824456245877,-1.07772124788048,0.00000158154546619184,2.13087450581792,1
1,946,0,-1.96113666369599,-1.46946316538679,-0.0251788023310955,2.45071682986999,0
1,947,0,-0.993334326084869,0.231510123095254,-0.131764663736968,1.02843179019504,1
1,948,0,-0.777425259757941,-0.304679585178898,0.0000000282346997863251,0.834996816840931,1
1,949,0,-0.625115954800426,0.0945356035503095,-0.112399290967992,0.642137475852934,1
1,950,0,-1.36001000886914,-0.407931801933729,-0.110729230676363,1.42418276277285,0
1,951,0,-0.408907717312421,0.143535029467179,-0.0693389854885837,0.438880075727282,1
1,952,0,-1.57639912940513,-1.51373986587822,-0.013346051002294,2.18554814950749,0
1,953,0,-1.04317093814629,-4.1801098921061,-0.0747416085298854,4.3089570227982,0
1,954,0,-1.50716507296227,-3.26536393143488,0.000121954498509492,3.59640767666099,1
1,955,0,-1.17251597512794,0.149851226387553,-0.0203047313748842,1.18222729798305,1
1,956,0,0.102368984927846,0.269111065148511,-0.120800678434866,0.312238656112352,2
1,957,0,0.0267983252358423,-0.392773029568121,-0.00555874441343659,0.393725415271887,1
1,958,0,-0.468567614245548,0.280713094989704,-0.0333751424833519,0.547237929016481,1
1,959,0,-0.353917295026525,-0.465444428208096,-0.059997550136646,0.587788800072997,0
1,960,0,-0.315924749262209,0.130064461067151,-0.0478615924114422,0.344986874036154,1
1,961,0,-1.53093347867919,-0.562524898578487,0.000127039660629789,1.63100937882054,1
1,962,0,0.0260267482834748,0.0384779285278658,-0.012658083680955,0.0481473747205491,2
1,963,0,-0.910600333682045,-0.493954054915689,-0.00792530311478063,1.0359760549834,0
1,964,0,-2.53178533465525,-1.28490333883597,-0.0957824993086019,2.84079000598444,0
1,965,0,-0.381304134529485,0.282232543014735,-0.0896142728902529,0.482782320773548,1
1,966,0,-0.388161181353875,-2.25546782167968,0.0000152493666953765,2.28862495782403,1
1,967,0,-2.07324843940352,-2.32460918664092,-0.277218798799034,3.12714202180074,0
1,968,0,-0.468403369317502,0.13212463476675,-0.0800406048994649,0.493219154061263,1
1,969,0,-0.837971465523517,-0.398136695096741,-0.0116856192250109,0.927817632248309,0
1,970,0,-2.18533971888273,-0.837391348207358,-0.0569811866916423,2.34097860148609,0
1,971,0,-0.341495194354106,-0.761976227938767,0.00000231629076608129,0.835001041745521,1
1,972,0,0.148230836342368,-0.424106912681944,-0.0921690863199508,0.458622060852313,1
1,973,0,-0.660403645328518,-2.09346530468013,0.00047353980852552,2.19516062758574,1
1,974,0,-2.38988515053525,-2.52319343623395,-0.0922714687381079,3.47657448839315,0
1,975,0,-0.517790742283185,-2.84442551088994,-0.138691450993558,2.89449461190971,0
1,976,0,0.00942389663661822,-0.883383029945673,-0.0531350456334396,0.885029785091035,1
1,977,0,-0.725857877804227,0.158256309814982,-0.00399184270420142,0.742920354529937,1
1,978,0,-0.422083144059631,-2.65228047758179,-0.0624285263978459,2.68638106626163,0
1,979,0,0.0321162964308485,-0.335320615269687,0.00106950393890282,0.336856817297722,2
1,980,0,-0.543792457091942,0.0588375071714734,-0.0381634297364889,0.548296029540154,1
1,981,0,-1.40475220634022,-0.718799721830335,0.00157781106473362,1.57797474340017,1
1,982,0,-0.569299249223918,0.0650090405450519,-0.00361482314559462,0.57301036418714,1
1,983,0,-0.892713297717297,0.139327376430525,-0.0102585612271466,0.903578656135013,1
1,984,0,-2.28858816572784,-2.23136259264943,-0.254569446647356,3.2064654084133,0
1,985,0,0.10585498522598,-0.473613867457543,-0.00459812677869228,0.485321044376974,1
1,986,0,-1.17191234311893,-2.49367632853164,0.00126194734903999,2.75532244282673,1
1,987,0,-0.404917134245857,-0.757714191808448,-0.0392166339108685,0.86001548035434,0
1,988,0,-1.36054665155045,0.102896565755473,-0.0264280876086408,1.36468800027847,1
1,989,0,-0.702340786038573,-0.806895436722312,-0.0355507215953399,1.07033951592124,0
1,990,0,-0.336882412128033,-0.4090381026871,-0.0362587800537674,0.531146522328869,0
1,991,0,-0.291913285272559,-1.31848901634786,-0.00658878696058756,1.35043328767555,0
1,992,0,-0.430623127994116,-0.730559871428295,-0.0195635533836889,0.848255112997122,0
1,993,0,-0.480979487221211,0.161377991564943,-0.0312168176380268,0.508289890704665,1
1,994,0,-0.940261548895739,-0.350119496400425,0.00182432422595566,1.00333382792089,1
1,995,0,-0.658971983211275,-1.51259652445841,-0.0248818669154974,1.65009436935051,0
1,996,0,-0.179970104321261,0.210675311881321,-0.00731818531131548,0.277176624775518,1
1,997,0,-0.168571547816785,-0.384575443949865,0.000725597017394253,0.419898994180284,1
1,998,0,-0.673531892004924,-0.298385347040099,-0.0267582891041577,0.737153329309279,0
1,999,0,-0.822341307903411,-0.927443242580773,-0.0861970394540379,1.24250799776246,0
1,1000,0,-0.347462205051227,0.105709027180867,0.000110382531473318,0.363186445990058,2
